,0,1
0,δῆμος,15428
1,θεός,13934
2,πᾶς,13819
3,ἔτος,9493
4,βουλή,9301
5,ἄρχων,9189
6,ἱερός,8985
7,ἔχω,7008
8,βράχoς,6926
9,μείς,6881
10,ἀγαθός,6691
11,υἱός,5728
12,ἀνατίθημι,5031
13,ἀνήρ,4986
14,λωτοφάγoi,4969
15,δραχμή,4856
16,βασιλεύς,4667
17,στρατιώτης,4665
18,δίδωμι,4618
19,ἱερεύς,4552
20,τιμή,4484
21,Ἀπολλωνία,4478
22,χαίρω,4393
23,γυνή,4332
24,παῖς,4290
25,γίγνομαι,4280
26,στέφανος,4280
27,Ζεύς,4079
28,ποιέω,4033
29,χάρις,3951
30,νόμος,3865
31,ψήφισμα,3762
32,Δελφοί,3710
33,δοκέω,3586
34,πατήρ,3525
35,ὁλκή,3510
36,λέγω,3488
37,καλός,3346
38,Μᾶρκος,3328
39,πολύς,3313
40,κοινός,3308
41,Ἀσκληπιός,3131
42,εὐεργέτης,3077
43,μέλει,3070
44,Ἀπόλλων,3070
45,Ἀθῆναι,3003
46,πράσσω,2954
47,χράω,2889
48,Σεβαστός,2889
49,δέω,2862
50,ἐπειδή,2858
51,στήλη,2722
52,ὅσος,2716
53,ὁράω,2654
54,γραμματεύς,2644
55,τύχη,2634
56,θυγάτηρ,2606
57,ἀργύριον,2577
58,ἕκαστος,2538
59,τόπος,2533
60,ἀναγράφω,2510
61,χρύσεος,2505
62,μνήμη,2476
63,λαμβάνω,2460
64,γῆ,2446
65,ἀρετή,2404
66,ἵστημι,2363
67,εὐσεβής,2362
68,στεφανόω,2356
69,ἡμέρα,2352
70,πόλις,2340
71,Ἀλέξανδρος,2318
72,ζῶ,2316
73,τίθημι,2312
74,δάσσω,2290
75,Δημήτριος,2246
76,ἡμεῖς,2216
77,Κλαύδιος,2200
78,ὄνομα,2177
79,σεβαστός,2173
80,ἐπαινέω,2155
81,μήτηρ,2134
82,χρόνος,2133
83,Ἰούλιος,2110
84,ὑπάρχω,2093
85,βοῦς,2086
86,μέγας,2084
87,στρατηγός,2061
88,ἀνάθημα,2044
89,ἀποδίδωμι,2005
90,Δημήτηρ,2001
91,δασύς,1954
92,φίλος,1931
93,πατρῷος,1896
94,μνᾶ,1867
95,παγίς,1841
96,Νεοκλῆς,1838
97,εἷς,1832
98,φιάλη,1828
99,Ἀθήνη,1799
100,παρέχω,1797
101,Ἀθηναῖος,1748
102,οὐράνιος,1748
103,φυλή,1744
104,Φίλιππος,1735
105,ἄγω,1733
106,Ἡρακλέης,1716
107,πρόξενος,1710
108,λοιπός,1690
109,βῦ,1688
110,Ἑρμῆς,1666
111,ἕτερος,1648
112,χώρα,1639
113,πούς,1637
114,πολίτης,1621
115,ἥλιος,1619
116,ἔργον,1617
117,εὐνώμας,1614
118,ἀγών,1608
119,τιμάω,1593
120,Χριστός,1560
121,οἰκία,1543
122,κύριος,1543
123,ἴδη,1542
124,Θεόδωρος,1538
125,πρυτανεύς,1531
126,στατήρ,1513
127,Λούκιος,1507
128,Πυθία,1481
129,Ἄρτεμις,1475
130,σωτήρ,1464
131,πρύτανις,1457
132,ἀδελφός,1451
133,ἔθνος,1445
134,βεβαιωτήρ,1435
135,ἀρχιερεύς,1414
136,μηδείς,1411
137,ἐπιμελέομαι,1409
138,Καῖσαρ,1405
139,μόνος,1401
140,Ἰάσων,1400
141,ἀρχή,1389
142,χρυσός,1386
143,δεῖνος,1378
144,ἐνιαυτός,1371
145,ἐπιγραφή,1368
146,θεά,1364
147,ἀνάθεμα,1347
148,ὠνή,1346
149,γένος,1331
150,Λυσίας,1329
151,ὑμεῖς,1326
152,ἐλεύθερος,1325
153,ἀργύρεος,1323
154,ταχύς,1321
155,χρηστός,1306
156,δικαίως,1302
157,βουλεύω,1301
158,Ἀπολλώνιος,1291
159,πρότερος,1283
160,αὐτοκράτωρ,1278
161,ἱεροποιός,1265
162,πρῶτος,1261
163,μάρτυρος,1258
164,σωτηρία,1253
165,τέκνον,1247
166,φημί,1244
167,ἥρως,1243
168,γραμματεῖον,1238
169,διατελέω,1238
170,Πτολεμαΐς,1193
171,ἅπας,1172
172,νικάω,1158
173,σῶμα,1156
174,Διόνυσος,1155
175,Τίτος,1153
176,ἀτέλεια,1147
177,ναός,1145
178,Ἀντιόχεον,1140
179,συντελέω,1115
180,ἀσυλία,1112
181,προξενία,1109
182,προτεραῖος,1107
183,πρεσβευτής,1104
184,Σάμος,1094
185,τιμοκράτης,1091
186,Ἡρακλῆς,1090
187,βωμός,1088
188,Δέρβη,1088
189,κεῖμαι,1085
190,χρῆμα,1084
191,Διονύσιος,1072
192,λόγος,1062
193,οἶκος,1055
194,εἰρήνη,1039
195,Νικόλαος,1037
196,φιλοτιμία,1037
197,εἶμι,1033
198,καθίστημι,1026
199,αὐτοκρατορία,1024
200,τάλαντον,1024
201,Ἡρακλείδης,1023
202,Λάκων,1006
203,Καλλίας,1003
204,ναῦς,1000
205,Παῦλος,993
206,αἱρέω,991
207,θύω,985
208,καθάπερ,976
209,βασιλεύω,968
210,ἅλων,962
211,Εὔτυχος,959
212,ἀνίστημι,957
213,ἄρχω,956
214,ἀποστέλλω,948
215,φαίνω,944
216,ἔκγονος,940
217,Ἀρίστων,940
218,Τιμόθεος,939
219,καιρός,939
220,ἐξουσία,939
221,ὀβολός,938
222,οὖς,925
223,γράφω,922
224,μακρός,916
225,οἶδα,915
226,ἐπέλησε,910
227,τέσσαρες,910
228,ἐπιμελητής,904
229,κελεύω,903
230,Γόννος,890
231,ἀναγραφή,883
232,κατασκεύασμα,879
233,πιστεύω,877
234,θυσία,874
235,εἰκών,871
236,Δῆλος,867
237,ὁμοίως,856
238,χείρ,853
239,ἀνάλωμα,852
240,ἀπόδοτος,847
241,βούλομαι,846
242,αὔχη,841
243,πόλεμος,836
244,αὗ,835
245,Καλλιπολίτης,823
246,λαγχάνω,815
247,ἴδιος,815
248,Φίλαιος,813
249,ἰδοὺ,807
250,Ἀφροδίτη,801
251,Γάϊος,801
252,δερματικός,790
253,γνώμη,789
254,πυκνός,781
255,Σαρδιανός,779
256,Δῖον,776
257,πολιτεύω,776
258,Ὀλυμπιάς,774
259,κιθώνη,773
260,Χερσόνησoς,773
261,ταμίας,772
262,Μαίανδρος,772
263,ἔγγονος,772
264,Ἀρτεμίσιον,772
265,Τιβεριάς,770
266,ἀνέφαπτος,770
267,δρηλοῖ,766
268,δέχομαι,762
269,κατάγω,762
270,παραδίδωμι,761
271,Ποσειδῶν,761
272,Λαΐος,760
273,ἰδιώτης,758
274,ἱμάς,758
275,ἔγγυος,755
276,μισθός,754
277,μνημεῖον,754
278,μοι,754
279,Μνάσων,753
280,στόλος,752
281,ὅρος,751
282,πρόβατον,750
283,μικρός,749
284,προάγω,743
285,Ἀρχέλαος,743
286,Θεσσαλός,741
287,εὐχή,740
288,καλέω,736
289,Καῦδα,736
290,τρίτος,734
291,Ἀργεῖος,729
292,ἀγωνοθέτης,728
293,πρυτανεία,723
294,κόσμος,723
295,προσήκω,723
296,Κίμων,720
297,δευτήρ,719
298,Λύκος,719
299,ποτε,715
300,στρατηγέω,712
301,δοῦλος,710
302,Θεόφιλος,710
303,ις,709
304,Κρήτη,709
305,ἀρχιτεκτονία,707
306,νῆσος,707
307,ὄρος,704
308,υἱόν,701
309,οἷς,700
310,ἄφωνος,697
311,ἅπτω,693
312,Τιμαῖος,693
313,τρόπος,691
314,Τιβέριος,691
315,παραλαμβάνω,690
316,Ταραντῖνος,688
317,Μενέλαος,686
318,παραγίγνομαι,686
319,δίκαιος,685
320,θεῖος,679
321,γράμμα,677
322,Πάναμος,676
323,μενεκράτης,675
324,οὐρανός,674
325,ἡφαιστιών,673
326,πλέω,672
327,πρατήρ,672
328,νέος,670
329,φῖλαι,670
330,δεύτερος,669
331,Προκλῆς,669
332,Ἀλεξανδρεύς,664
333,παρακαλέω,663
334,γιγνώσκω,662
335,ὑοθεσία,660
336,κραιπνός,659
337,προμαντεία,659
338,ὕπατος,657
339,ἀνδριάς,655
340,ἐλεύθω,648
341,εὔχομαι,643
342,χωρίον,643
343,Ἀριστοκράτης,642
344,ἥμισυς,641
345,Κλεοδαῖος,641
346,θάνατος,638
347,ἀσφάλεια,637
348,βέβαιος,636
349,ὁδός,634
350,Πολύκριτος,634
351,αἰών,633
352,εὔνοος,630
353,πτολεμαῖος,629
354,ἅγιος,629
355,μνεία,629
356,φέρω,626
357,δάφνη,626
358,Ἀριστόμαχος,623
359,προστάσσω,623
360,ἄγαλμα,620
361,φιλία,619
362,Εὐκλείδης,619
363,ἀγορά,618
364,ὄνος,617
365,Ῥαμά,617
366,Γλαῦκος,616
367,Ῥωμαῖος,616
368,παλαιός,613
369,σταθμόν,612
370,εὔνοια,610
371,Παυσανίας,609
372,δεῖ,608
373,ὕστερος,607
374,Θηβαῖος,607
375,Βοιωτός,606
376,προσκύνημα,606
377,δέκατος,600
378,Ἀσία,600
379,Ἀφροδισιάς,597
380,ἐπιφανής,594
381,Ἐλευσίς,593
382,Ἐρχία,592
383,ἐπιφαίνω,592
384,Μάρων,585
385,ἔνατος,583
386,λαός,583
387,χάριν,582
388,στρατονικίς,579
389,σῆμα,578
390,ἀδελφή,578
391,κλῆρος,577
392,ἀζήμιος,577
393,Ἀριστόδημος,575
394,ἔρχομαι,574
395,Πόντος,574
396,Σεκοῦνδος,570
397,ὅσιος,569
398,Λυκία,568
399,παράλιον,568
400,σημαίνω,563
401,μέρος,563
402,Ἀσιανός,563
403,Σίμων,561
404,Πολιάς,556
405,Λεωνίδης,555
406,κῆρυξ,553
407,ψυχή,553
408,διόλου,550
409,Ἀμύντας,549
410,γυναικεῖος,548
411,ἀλλήλων,547
412,παρατυγχάνω,546
413,πάρειμι,544
414,Ἱπποκράτης,539
415,ἐκκλητής,538
416,δ.η.μαρχικός,538
417,ἴλιος,537
418,στρατός,535
419,Ἀριστωνύμος,535
420,χρυσίον,532
421,Ῥοῦφος,531
422,σπουδή,530
423,ὅλος,529
424,φιλοτόλμως,528
425,ἀπογράφω,528
426,ἕκτος,527
427,χῶρος,526
428,Σώπατρος,526
429,Καλλίμαχος,525
430,ἀστυνόμος,525
431,ἀνυπόδικος,525
432,ἀπελευθερόω,524
433,Ἀντίοχος,523
434,σωκράτης,521
435,ἄοπλος,520
436,σύμμαχος,518
437,Μαρία,518
438,πύλη,516
439,τελευτάω,516
440,Ῥώμη,514
441,μοκρότου,513
442,δηνάριον,513
443,Ἀριστονίκη,509
444,φιλόξενος,508
445,ἔγκυος,507
446,Ἥρα,506
447,Τισάνδρος,506
448,δικαστής,504
449,εὐεργετέω,504
450,Ἀδρίας,502
451,Κύπρος,502
452,ἀείρω,500
453,χαλκός,498
454,δυνατός,496
455,Ἕλλην,496
456,ἐκκλησία,493
457,Κνίδος,491
458,λανθάνω,490
459,λαμπρός,490
460,ἐκεῖνος,488
461,ἀποτίνω,487
462,τελέω,486
463,Ἀντιχάρης,485
464,Αὐξησία,485
465,κακός,484
466,εἶ,483
467,ἑξάμηνος,483
468,ὕβρις,481
469,ἄξιος,479
470,Ἀντίφημος,479
471,Ἀμάλος,478
472,πάρ,478
473,ἀπάγω,477
474,δημόσιος,476
475,χαλκοῦς,474
476,Κορίνθιος,474
477,κτῶ,472
478,δόγμα,472
479,ἀθάνατος,471
480,Ἀττικός,471
481,ἐργάτης,470
482,παλέω,469
483,Μακεδών,468
484,Ἄνδρος,467
485,Κλεομένης,466
486,χατέω,466
487,σύνεδρος,466
488,φονεύς,464
489,Μιλήσιος,463
490,θαλλός,463
491,πρᾶτος,463
492,Βερνίκη,463
493,Θεμιστοκλῆς,461
494,θεωρός,461
495,καταδουλισμός,460
496,κρέας,459
497,δήμαρχος,458
498,κεφαλή,458
499,δικαιοσύνη,458
500,ζημία,457
501,τίκτω,457
502,τραγανός,456
503,εὐτυχής,456
504,ἔτεμεν,456
505,καινός,454
506,λίθινος,453
507,Παλλάς,453
508,ἀνδρεῖος,451
509,θάλασσα,451
510,κληρονόμος,450
511,Ἀριστέας,449
512,Φίλαγρος,446
513,Χριστιανός,445
514,θεωρέω,444
515,φῶς,444
516,σύνοδος,444
517,Αἰνών,443
518,κρίνω,443
519,εὐεργεσία,442
520,γυμνασίαρχος,442
521,τάχος,441
522,ἡμέτερος,441
523,Ὀλυμπία,440
524,πλίνθος,439
525,Σωσθένης,439
526,μυριαχοῦ,437
527,ἔρουα,437
528,κατοικέω,435
529,ἐπιμέλεια,435
530,τειχέω,435
531,ψῆφος,432
532,πρᾶγμα,432
533,φυλάσσω,431
534,σάκανδρος,430
535,διείς,430
536,ἄνθρωπος,429
537,Κλωπᾶς,429
538,μηθείς,427
539,ἔθος,423
540,πανήγυρις,423
541,Πέτρος,423
542,Δημόφιλος,422
543,Κυρήνη,419
544,Ἶσις,418
545,καταλέω,418
546,ἀξίως,418
547,οἰκέω,417
548,σῖτος,417
549,διόγονος,417
550,ἱερομνημονέω,416
551,Ὀνήσιλος,416
552,Πύλιος,416
553,συγγενής,415
554,ὅρκος,414
555,τέμενος,412
556,τέλος,411
557,πολέμαρχος,411
558,δίκη,410
559,ἔξεστι,410
560,τέλειος,408
561,σάλος,408
562,τεχνίτης,407
563,Νικόδημος,406
564,παντοδαπός,406
565,Ἀχαιός,405
566,ἐντυγχάνω,405
567,παραμένω,405
568,σκάφιον,404
569,ἔντιμος,403
570,γονεύς,403
571,νεωκόρος,403
572,δεξίστρατος,402
573,Παιανία,402
574,ἐπαγγέλλομαι,400
575,χοῖρος,399
576,δινών,399
577,μέταλλον,397
578,Ἴων,396
579,Αἰσχίνης,394
580,συνάγω,394
581,ἔντεχνος,394
582,Ἰλιακός,394
583,πρέσβυς,392
584,ἐφίστημι,392
585,νύμφη,392
586,συμπρόεδρος,392
587,ἀναγορεύω,392
588,παθικός,392
589,ξύλον,390
590,Ῥόδος,389
591,ἀττικός,389
592,οι,388
593,Πεισίστρατος,388
594,Δαμασκός,388
595,Σιμωνίδης,388
596,ξενοφόνος,387
597,Ἀμφικτύων,386
598,Ἡρῴδης,386
599,μεγιστάν,386
600,ἐγείλασαν,386
601,σιγύνης,385
602,ἴσος,385
603,Αἴγυπτος,385
604,ἐγγράφω,385
605,εὑρίσκω,384
606,παρθένος,384
607,χαλάω,384
608,συμφέρω,384
609,ἀνίμησις,384
610,Φαρισαῖος,383
611,ῥίπτω,381
612,κυρέω,380
613,Λυσανίας,379
614,συγγραφή,379
615,δωρεά,379
616,ἐπιβάλλω,379
617,ἀγωνοθετέω,379
618,ἀρή,378
619,Ἀρτύφιος,378
620,χρυσόω,378
621,γλύκιος,378
622,δουλία,377
623,κεφάλαιον,374
624,θύρα,374
625,Ἀμμώνιος,374
626,βουλευτής,374
627,Ἐπιδαύριος,374
628,ξένος,373
629,Σέλευκος,371
630,ἑκάτερος,370
631,γενεά,370
632,κατασκευάζω,370
633,ὀφθαλμός,369
634,θύσιμος,369
635,ναύτης,368
636,Φωκαιεύς,368
637,χειροτονέω,368
638,Καναστραῖος,367
639,νησίον,366
640,ἔξαστις,366
641,Δεινομένης,366
642,χαλκῆ,365
643,ἄριστον,365
644,Ἡράκλειος,365
645,Ἀντιόχις,363
646,Μάγνης,362
647,ἐκλυσσάω,362
648,τυγχάνω,361
649,θέλημα,361
650,ἵππος,361
651,πανούσιος,361
652,πρόσωπον,361
653,ἀφίημι,360
654,εἰσάγω,359
655,κράτος,359
656,εὐχαριστέω,359
657,Ἀμφικτύονες,358
658,ἀριθμός,358
659,ὕδωρ,358
660,τέταρτος,358
661,ἐπιστάτης,357
662,γέγλανται,356
663,περάω,356
664,Κλεωναί,356
665,λαλέω,356
666,Δημάρητος,356
667,Ὠρωπός,356
668,ὄλβιος,355
669,Ἀπολλῶς,355
670,οἰκουμένη,355
671,θεόθρων,354
672,Κρητίνης,354
673,σαπρόω,354
674,Ἐλευσίνιος,353
675,Πυρρός,352
676,Ἀντίπατρος,352
677,πυρρός,352
678,ἄθαμβος,352
679,φωνή,351
680,δέρμα,350
681,ἀποδέχομαι,350
682,ἱέρεια,349
683,βου,348
684,δύναμις,347
685,Φῆστος,347
686,τόκος,347
687,Πυλαγόρας,347
688,ἐλάσσων,346
689,Αἰθίοψ,346
690,παρίστημι,345
691,Σαῦλος,345
692,γερουσία,345
693,οἶνος,344
694,λαμπάς,344
695,φύλλιον,344
696,Ἰησοῦς,344
697,Μίλητος,343
698,Κανά,343
699,ἀποθνῄσκω,341
700,ἄστρον,341
701,Λινδίοι,341
702,ἀρχαῖος,340
703,θᾶκος,340
704,ὥρα,340
705,ὑποδύτης,340
706,κοσμέω,339
707,ἱερωσύνη,339
708,ἀντιστράτηγος,339
709,βάλλω,338
710,Σάλη,338
711,διατάσσω,338
712,Ἀχαρναί,338
713,αἴτιος,337
714,Μουσαίος,337
715,πέμπτος,336
716,καθήκω,336
717,ἐλπίς,335
718,νουμηνία,335
719,δακτύλιος,333
720,ἁγνός,333
721,στεφανηφόρος,332
722,ὅπλον,331
723,ἄδικος,330
724,ἐκτείνω,330
725,τύμβος,330
726,Ἔραστος,329
727,ἱερόν,328
728,ἕπομαι,328
729,τηρέω,328
730,Ὑακίνθιος,328
731,νότος,327
732,πέμπω,327
733,Σατανᾶς,327
734,ἄσυλος,327
735,παράμονος,326
736,βιόδωρος,326
737,πυλίς,326
738,Ἀνδρέας,325
739,στοά,324
740,ἐπαφρόδιτος,324
741,ἱερατεύω,324
742,πίνω,323
743,πλεῖστος,322
744,αὐλή,322
745,τοῖχος,322
746,βασιλικός,322
747,Κλεισθένης,321
748,τάφος,321
749,σῴζω,321
750,φυλακή,321
751,ἀξιόω,321
752,Σικυώνιος,320
753,Ἀνδρομέδη,320
754,Πολύδωρος,319
755,στρατεύω,319
756,ἐπιδέκατον,318
757,μισθόω,318
758,ἐπιστολή,318
759,δεσπότης,318
760,Ἀγριάνιος,318
761,Γοργώ,316
762,στάδιον,316
763,ἄφαντος,316
764,τίμιος,315
765,συμβάλλω,315
766,κύρα,315
767,πλείων,315
768,πρυτανεῖον,314
769,Λακεδαιμόνιος,314
770,χρηματίζω,314
771,προόδους,313
772,συνευδοκέω,313
773,Ἱστιαῖος,312
774,πῦς,312
775,Ἀρίσταρχος,311
776,σίδηρος,311
777,ἀντίγονος,311
778,τύμμα,311
779,καθαίρω,310
780,Ἰούδας,310
781,ὗς,310
782,ζωή,310
783,Στησαγόρης,310
784,Ὀλυμπικός,310
785,Κρής,309
786,Μεγαρεύς,309
787,θεότιμος,308
788,λεῖος,307
789,Κηφισός,307
790,ξενοκρίται,307
791,Ἀπελλαῖος,307
792,πλῆθος,306
793,ἀγαθοθελής,306
794,πάγος,306
795,Ἐπιάλτης,305
796,Τίμων,305
797,νόμισμα,304
798,Κόρινθος,304
799,χρήσιμος,303
800,Ἀρταμίτιος,303
801,Ἄρειος,302
802,δῶρον,302
803,βασίλισσα,302
804,Δωριεύς,301
805,ἄστυ,300
806,μῆκος,300
807,ἐπιτελέω,299
808,ἀνθύπατος,299
809,συντίθημι,298
810,ἀποδείκνυμι,298
811,παρόλου,298
812,πίστις,298
813,κοῖλος,298
814,ἰατρός,297
815,σωφροσύνη,297
816,πράτης,297
817,Nησαῖος,297
818,ξενία,296
819,ἱκανός,296
820,σιδήρεος,295
821,ἐπιτρέπω,295
822,πότ,295
823,αἰτέω,294
824,Δήλιος,294
825,δακτυλίς,294
826,χαριστήριος,294
827,ἄσημος,294
828,ἀδικέω,293
829,Ποσιδηϊών,293
830,ταμεῖον,293
831,κρατήρ,292
832,Πειραιεύς,291
833,Ῥόδη,291
834,Θάρα,291
835,μακάριος,291
836,ἀντίγραφος,291
837,μυριάς,290
838,θάλαττα,290
839,παγκράτιον,290
840,καρπός,289
841,Δερβαῖος,289
842,λεγιών,289
843,ἀκολουθέω,288
844,δύσωνος,288
845,Σέργιος,288
846,ἀγοράζω,287
847,μοῖρα,287
848,ἐλευθερία,287
849,μέδιμνος,286
850,γαμέω,286
851,ἡγεμονίς,286
852,στρατήγιον,286
853,πέτριον,285
854,αὐλητής,285
855,πταώτην,285
856,Ἡράκλειον,285
857,σαουάζου,285
858,ἐπαγγέλλω,284
859,Φαληρεύς,282
860,ὑγιής,281
861,Πρηξῖνος,281
862,τῦκον,281
863,Βάκχιος,280
864,μνῆμα,280
865,πύθων,280
866,πλοῖον,280
867,ἐπίτροπος,280
868,πηλιάς,280
869,δεξιός,279
870,γραφή,279
871,Ἀγησίλαος,279
872,ἐργολαβέω,279
873,τρίτων,278
874,πρόφαντος,277
875,πάρημαι,277
876,Καρήνος,276
877,Μαντινεύς,276
878,ἐπώνυμος,276
879,λῶ,275
880,νώ,275
881,φανερός,275
882,φεύγω,274
883,χορός,274
884,Ἀρτάβανος,274
885,προΐστημι,274
886,χορεύω,274
887,ὄϊς,273
888,πατρούεος,273
889,Στέφανος,273
890,Πάταρα,272
891,ἐλαστής,272
892,ἀνίημι,272
893,Καρύστιος,272
894,τριακοστός,272
895,διόδοτος,272
896,ἥκω,271
897,μέσος,271
898,Μένιος,271
899,ἔλαιον,271
900,προνοέω,271
901,ἐπάει,271
902,μανία,270
903,Ἀρτεμισιών,270
904,ἱερομνήμων,270
905,ῥυτή,270
906,Ζαύηκες,270
907,ἐξίστημι,269
908,κατατίθημι,269
909,γαλλικός,269
910,ὀρθός,269
911,ἕωλος,269
912,πέτταρες,268
913,ἀπαρχή,268
914,Μεγακλέης,268
915,κρατέω,268
916,ἀριστεύς,268
917,οὐλαί,268
918,γυμνασιαρχία,268
919,Δαμία,268
920,Σαράγγαι,268
921,λαμπρότης,268
922,Λητώ,268
923,ἔξειμι,267
924,θησαυρός,267
925,πιστός,266
926,πρόθυμος,266
927,ἄλυπος,266
928,ἄπιστος,266
929,σπονδή,265
930,βοηθέω,265
931,Ἀκύλας,265
932,ἀπελεύθερος,265
933,ἐάω,264
934,Ἑρμιόνη,264
935,ἐπισκευάζω,264
936,Λαμπτρεύς,264
937,Μάλχος,263
938,περικρατής,263
939,Ἑκαταῖος,263
940,ἐλευθερόω,263
941,παύω,263
942,Γερασηνός,263
943,μαλερός,262
944,προθυμία,262
945,Εὐαίνετος,262
946,Πόλυβος,262
947,εὐτυχέω,262
948,συνέδριον,262
949,θαρσώ,262
950,πλάτος,261
951,Ἀπολλοφάνης,261
952,ἀναβαίνω,261
953,μαρτυρέω,260
954,ἐπαρχεία,260
955,πρᾶξις,259
956,ἐπιστατέω,259
957,θυμιατήριον,259
958,Λοκρός,259
959,Οὐρίας,259
960,Θεσπιεύς,258
961,στεφάνωμα,258
962,ζέω,258
963,προσδέω,258
964,ἄφρων,258
965,νεκρός,258
966,ἀγορανόμος,258
967,ἔγκτησις,257
968,κατασκευή,257
969,πρεσβεύω,257
970,γείτων,256
971,Ἄρταιος,256
972,ἑπτάμηνος,256
973,ἀντιτείνω,256
974,προστίθημι,255
975,γωνία,255
976,ἁμός,255
977,ἕβδομος,254
978,νεόστρατος,254
979,δημότης,254
980,γυμνασιαρχέω,254
981,κότε,254
982,ἀποτρέχω,254
983,θαμνίσκος,253
984,ἔνειμι,252
985,βάρος,252
986,Ὀνόχωνος,252
987,ἐργάζομαι,251
988,κενός,251
989,Ἀγρίππας,251
990,ἐπιμένω,251
991,ἀπόγονος,251
992,ἀναγγέλλω,251
993,ἁλιεύς,250
994,Δίδυμος,250
995,Ἀπολλωνιάτης,250
996,πατριά,250
997,βατῆρος,250
998,προσέρχομαι,250
999,φροντίς,249
1000,ἀμφότερος,249
1001,Πρασιάς,248
1002,σοφός,248
1003,Μύρα,248
1004,ἡμιωβέλιον,248
1005,εὐφροσύνη,247
1006,ἄχθος,247
1007,ἄλκιμος,246
1008,φιλόδημος,246
1009,Σιλᾶς,246
1010,φάλος,246
1011,Διόσθυος,246
1012,τολμάω,246
1013,Εὐαγόρας,246
1014,Ἰκόνιον,246
1015,ἱερεῖον,245
1016,Ὄλυνθος,244
1017,Ξανδικός,244
1018,πολύφανος,244
1019,μητρόδοκος,244
1020,νῖκος,244
1021,Ζέφυρος,244
1022,ἄπειμι,243
1023,ὅριον,243
1024,κυρωτής,243
1025,ἀναλίσκω,242
1026,νεανίας,241
1027,ἡγεμών,241
1028,ἀγορανομέω,241
1029,εἴπως,240
1030,ἀνεπίγραφος,240
1031,Συρία,240
1032,ἑορτή,239
1033,δοκός,239
1034,Δάρδανος,239
1035,Πυλαία,239
1036,Στησίλεως,239
1037,Ἀχαΐα,239
1038,μητροπόλος,239
1039,ἀρχιτέκτων,238
1040,ποτήριον,238
1041,μαίνομαι,238
1042,πάπυρος,237
1043,Εὐφράτης,237
1044,Σωκλέης,237
1045,Ἀρισταγόρης,237
1046,ἄντυπος,237
1047,ἀναφέρω,237
1048,Ἀντιόχεια,236
1049,κιβωτός,236
1050,μήκιστος,235
1051,ἴασις,235
1052,σκέλος,234
1053,Κλέανδρος,234
1054,Τήλεκλος,234
1055,ποταμός,234
1056,τόλμα,234
1057,κλάσμα,234
1058,συμβύω,234
1059,Ἀγασικλέης,233
1060,πικρότης,233
1061,φιλόκροτος,233
1062,παρθενών,233
1063,ἁλή,232
1064,χατος,232
1065,λύω,232
1066,Τρόφιμος,232
1067,συγχωρέω,232
1068,παρατείνω,232
1069,φιλόπατρις,232
1070,θρεπτός,232
1071,φιλότιμος,231
1072,καθιερόω,231
1073,Αἰτωλός,231
1074,ἐπιτάσσω,231
1075,σωματοθήκη,231
1076,ἄνεμος,230
1077,Μάνης,230
1078,εἰρηναῖος,230
1079,ὀφείλω,229
1080,εἰκοστή,229
1081,φιλέω,229
1082,Ἀμαθούσιος,229
1083,κολάζω,229
1084,λακάω,229
1085,ψηφίζω,228
1086,βοάω,228
1087,Λῆμνος,228
1088,Ὀλύμπιος,228
1089,μιγάς,228
1090,Ἀρσάμης,228
1091,διάνοια,228
1092,Ἅννας,227
1093,Ἰατροκλῆς,227
1094,Θρασύλης,227
1095,ὑπατικός,227
1096,τέχνη,226
1097,πρόνοια,226
1098,πωλέω,226
1099,κράτιστος,226
1100,Περίανδρος,225
1101,δεκαπέντε,225
1102,Τέμενος,225
1103,πρέσβεια,223
1104,κλείς,223
1105,δικάζω,223
1106,ἐπέρχομαι,223
1107,διψάω,223
1108,ψήχω,222
1109,γυμνικός,222
1110,πυθμήν,222
1111,καταλείπω,222
1112,σορός,222
1113,ἀφαιρέω,221
1114,εροστ,221
1115,θέλω,221
1116,Ἀπατουριών,221
1117,Θεσμοφόριος,221
1118,τράπεζα,220
1119,ποιητής,220
1120,τάσσω,220
1121,Εὐβοεύς,220
1122,ἀτελής,219
1123,μῦα,219
1124,σεμνός,219
1125,Πυθέας,218
1126,σίνων,218
1127,διαφέρω,218
1128,εἴσειμι,217
1129,ὡραῖος,217
1130,Ἅιδης,217
1131,ἀναλαμβάνω,216
1132,πρίαμαι,216
1133,οἷος,216
1134,Ἀλκήνωρ,216
1135,προστάτης,216
1136,λείπω,215
1137,δύσμαχος,215
1138,Πήλιον,215
1139,Πριηνεῦς,215
1140,κολωνός,215
1141,Περσικός,215
1142,ἐπιγράφω,214
1143,Κυρηναῖος,214
1144,τραγικός,214
1145,Στυρέες,214
1146,δόλιχος,214
1147,φιλοδοξία,214
1148,τοῖν,213
1149,νομίζω,213
1150,καταβάλλω,213
1151,ἔννομος,213
1152,μέλλω,213
1153,βουλευτήριον,213
1154,γῆρας,212
1155,Τιμήσιος,212
1156,ἐπιδίδωμι,212
1157,σικύωνος,212
1158,ἀφικνέομαι,211
1159,Σούνιον,211
1160,ἰσοτέλεια,211
1161,φυρμός,211
1162,οἰκογενής,211
1163,ἀναπαύω,211
1164,λευκός,210
1165,κλέος,210
1166,Γίγωνος,210
1167,αὔλειος,210
1168,τέμνω,209
1169,κτῆνος,209
1170,δύσιππος,209
1171,δειμός,209
1172,Ἀναξάνδρος,209
1173,Πάρος,209
1174,λειτουργέω,208
1175,ἀριστερός,208
1176,Περίνθιος,208
1177,λίτρα,208
1178,γέργερα,208
1179,ἐπίσκοπος,207
1180,ἀκροπόλος,207
1181,ἱερόποιον,207
1182,γεννάω,207
1183,διοίγνυμι,207
1184,στεφανίτης,207
1185,πλοῦτος,207
1186,Ἰοῦστος,207
1187,Βουκάτιος,207
1188,Χαλκιδέες,206
1189,συμβολή,206
1190,Πόντιος,206
1191,κίνδυνος,206
1192,ἱεροφάντης,206
1193,φιλανθρώπως,206
1194,βαῦ,206
1195,εὔξενος,205
1196,οὖλος,205
1197,Ἰουδαῖος,205
1198,Ἀμφιάραος,205
1199,ἐπίχρυσος,205
1200,κοιμητήριον,205
1201,ἡρῷος,205
1202,Κηφᾶς,204
1203,Ἡγησικλέης,204
1204,ἐπιψηφίζω,204
1205,Μαρδόνιος,204
1206,φιλοκύμαιος,204
1207,πράκτιμος,204
1208,τεῖχος,203
1209,εὐεργία,203
1210,Ἄντανδρος,202
1211,ὑός,202
1212,σποδιάς,202
1213,ἀναπείθω,202
1214,ἄγγελος,201
1215,λιθάζω,201
1216,βολή,200
1217,Ἀμεινοκλῆς,200
1218,Μελάνιππος,200
1219,πέδη,200
1220,φάσις,200
1221,δίκαρπος,200
1222,ὄμνυμι,199
1223,ἔρομαι,199
1224,καθαρός,199
1225,Θωμᾶς,199
1226,φιλομέτριος,199
1227,ὕμνος,199
1228,στιχικός,199
1229,Σιδών,198
1230,μιμνῄσκω,198
1231,Σάμιος,198
1232,Χίος,197
1233,ἐπικαλέω,197
1234,Σιδώνιος,197
1235,Νυμφόδωρος,197
1236,στόμιον,197
1237,μούναρχος,197
1238,σταθμός,196
1239,ὅρμος,196
1240,ἄρρητος,196
1241,Ἱέρων,196
1242,παρέρχομαι,195
1243,προγράφω,195
1244,ἐνδέρως,195
1245,φιλήτης,195
1246,κεραμεύς,194
1247,Λεοντιάδης,194
1248,ἕκατος,194
1249,διαλαλέω,194
1250,πομπή,193
1251,ἐλέφας,193
1252,θεμέλιος,193
1253,Μέλανθος,193
1254,προφήτης,193
1255,Σάραπις,193
1256,Λαφάνης,192
1257,βάτος,192
1258,στάσις,192
1259,ἱεροστάτης,192
1260,παροδεία,192
1261,ὦμος,191
1262,ἄγανος,191
1263,θυμός,191
1264,Ἀταρνεύς,191
1265,βουνός,191
1266,στόμα,191
1267,ἡλικία,191
1268,εὐσέβεια,191
1269,ὑπάρ,191
1270,Πόρκιος,191
1271,Ποιτρόπιος,191
1272,Ἐρεχθεύς,190
1273,καταλαμβάνω,190
1274,ξενικός,190
1275,σφραγίς,190
1276,χαρίζομαι,190
1277,πρώτως,190
1278,ἐκτίνω,189
1279,Ἀμφιτρύων,189
1280,Κεῖος,189
1281,ἔπαρχος,189
1282,Γαλλίων,189
1283,τίμημα,189
1284,εὐγραμμία,188
1285,Ἄργος,188
1286,ἀκούω,188
1287,ἔνδοξος,188
1288,Πάριος,188
1289,κάλαμος,188
1290,Σαλμώνη,188
1291,τρέπω,188
1292,φιλανθρωπία,188
1293,γείνομαι,188
1294,Ἅγαβος,188
1295,Κίσσιος,188
1296,μένω,187
1297,Πανταλέων,187
1298,Ἀρκεσίλεως,187
1299,Δικαία,187
1300,ἀγένειος,186
1301,Ποσειδώνιος,186
1302,φασιανός,186
1303,διΐστημι,186
1304,Τιμώ,185
1305,Ἀντικυρεύς,185
1306,φώκη,185
1307,παράξενος,185
1308,ἀσυρής,185
1309,Πλούτων,184
1310,Πλαταιεύς,184
1311,πατρίς,184
1312,ταῦρος,184
1313,ἀναστροφή,184
1314,Κηφίσιος,183
1315,εὔκρατος,183
1316,Λασαία,183
1317,Ποσείδιππος,183
1318,Πύθιον,183
1319,μάρτυς,183
1320,στρατιωτικός,183
1321,ἀνεγκόπτως,183
1322,κριτής,182
1323,Πύθια,182
1324,Χανάαν,182
1325,δάκνω,182
1326,κάλλος,182
1327,Eπικυδής,182
1328,δίαυλος,182
1329,ῥώννυμι,182
1330,στρόφιγξ,182
1331,χαλκεύς,181
1332,Ἀκραγαντῖνος,181
1333,Ἆσσος,181
1334,διατηρέω,181
1335,ἀντιγώνιος,181
1336,δημιουργός,181
1337,Ἄθως,181
1338,πατέω,181
1339,ἆθλον,180
1340,ἀλωπεκέως,180
1341,λιθόστρωτος,180
1342,κοινωνός,180
1343,ἐπιτίθημι,179
1344,Ἀλεύης,179
1345,ξύλινος,179
1346,Αἰακός,179
1347,ἄρτημα,179
1348,δαπανάω,179
1349,χειμών,179
1350,τετρᾶχμον,179
1351,κοίμησις,179
1352,ἐξάγω,178
1353,ποικίλος,178
1354,πήρα,178
1355,αὐξάνω,178
1356,ἄρτος,178
1357,Φαρνάκης,178
1358,κεράστης,178
1359,ἄριστος,177
1360,λιθα,177
1361,ἔσχατος,177
1362,παραετίς,177
1363,ἐντόπιος,177
1364,κώριον,177
1365,ἑστία,176
1366,λίνον,176
1367,ἐπίνειον,176
1368,πίπτω,176
1369,σπάω,176
1370,διαμονή,176
1371,ἐπαίρω,176
1372,θάμβος,175
1373,μανθάνω,175
1374,ἐχιδναῖος,175
1375,μίσθωσις,175
1376,Σειληνός,175
1377,κρίσις,175
1378,Ἀρκάς,175
1379,ἄλουτος,175
1380,στησίλειος,175
1381,καύσων,174
1382,ὀφείλεια,174
1383,σύγκλητος,174
1384,δαπάνη,174
1385,Ἀλέξων,174
1386,δεκατηφόρος,174
1387,παι,173
1388,Θρᾴκιος,173
1389,Παίονες,173
1390,Ἀχαιμένης,173
1391,ἐπισκευή,172
1392,διύφαντος,172
1393,Τύρος,172
1394,πυθικός,172
1395,Κυρήνιος,172
1396,νοοποιός,172
1397,Χῖος,171
1398,λιμήν,171
1399,ἀνάγω,171
1400,θέατρον,171
1401,Κύλων,171
1402,ἀναστρέφω,171
1403,διαθήκη,171
1404,Ὀπούντιος,171
1405,ἔμμεναι,170
1406,προσβαίνω,170
1407,Ἁρμόδιος,170
1408,Μιλτιάδης,170
1409,Ἡραῖος,170
1410,ἑνδέκατος,170
1411,διαβάλλω,170
1412,Ταρσός,170
1413,Σμινθεύς,170
1414,κίστη,170
1415,εἰσφέρω,169
1416,παιδίον,169
1417,Μυσός,169
1418,δικαστήριον,169
1419,ἡμιμναῖον,169
1420,πέτρωμα,169
1421,γορπιαῖος,169
1422,πλέον,168
1423,πολύξενος,168
1424,ἔφηβος,168
1425,πυγμή,168
1426,αἰγιναῖος,168
1427,ζημιόω,167
1428,τάραχος,167
1429,πεδίον,167
1430,αἵρεσις,167
1431,φιμόω,167
1432,ποίησις,167
1433,χίμαρος,167
1434,ἄγωνος,167
1435,Ἐφέσιος,167
1436,συνοράω,167
1437,δικηφόρος,167
1438,συνέρχομαι,166
1439,Ἀριστόφαντος,166
1440,κηρύσσω,166
1441,βεβαιόω,166
1442,Ἰουδαία,166
1443,ἐργαστήριον,166
1444,πρόβουλος,166
1445,Νάξιος,165
1446,τῆ,165
1447,τετράμηνος,165
1448,ὅραμα,165
1449,Δάμων,165
1450,ἄμπελος,165
1451,ἀναθήκη,164
1452,Ἁνανίας,164
1453,τετράς,164
1454,Μεννά,164
1455,δεκέτης,164
1456,Σιών,164
1457,κτίστης,164
1458,Παμφυλία,164
1459,λιτός,164
1460,μητρόπολις,164
1461,Κρονίων,164
1462,φορά,163
1463,ἐπίστατον,163
1464,θεράπων,163
1465,θεμιτός,163
1466,κληματίς,163
1467,γυμνάσιον,163
1468,χειμάζω,163
1469,ἐξηγητής,163
1470,Ταρσεύς,163
1471,γλῶσσα,163
1472,κίουρος,163
1473,μακαρίζω,163
1474,τριπάλαστος,163
1475,ἄνεσις,162
1476,εἴσοδος,162
1477,κορύνη,162
1478,Εὐρυκράτης,162
1479,νύξ,162
1480,Θαργήλια,162
1481,ἀστόξενος,162
1482,χαλκόκροτος,162
1483,υἱωνός,162
1484,ἵππαρχος,161
1485,τηθεύομαι,161
1486,Ἄρης,161
1487,Κρίσπος,161
1488,Ἀριστόδικος,161
1489,πρόγονος,161
1490,πρυτανικός,161
1491,Ὄλυμπος,161
1492,Τύραννος,161
1493,θάλλινος,161
1494,Αὔγουστος,161
1495,χῶμα,161
1496,πῦρ,160
1497,παρίημι,160
1498,φθάνω,160
1499,χορηγός,160
1500,Ἑλλάς,160
1501,Δαμάγητος,160
1502,Μεσσίας,160
1503,Κάρπος,160
1504,ἐξαποστέλλω,160
1505,ἕλκω,159
1506,ἔπος,159
1507,Πέργαμος,159
1508,χιλίαρχος,159
1509,νηφαίνω,159
1510,παρασκευάζω,159
1511,διαφυλάσσω,159
1512,δύναμαι,159
1513,οἰκώς,159
1514,Χείδωρος,159
1515,ἰταλικός,159
1516,φύλαρχος,158
1517,Βάττος,158
1518,πύργος,158
1519,ἀναλάκατα,157
1520,ῥῆμα,157
1521,ἑκατέρως,157
1522,πάτρων,157
1523,τρέφω,157
1524,παθοκράτεια,157
1525,ἐξέρχομαι,156
1526,στρατιά,156
1527,ἔνοχος,156
1528,ὁμολογέω,156
1529,Τηλίνης,156
1530,φύσκος,156
1531,πεύκη,156
1532,ἄστατος,156
1533,κηδεύω,156
1534,Ἱπποκλείδης,155
1535,φάρω,155
1536,καταγράφω,155
1537,ἰσθμός,155
1538,ἰσχύω,155
1539,Ἰωνᾶς,155
1540,διάκονος,155
1541,διατονικός,155
1542,βορρᾶς,154
1543,τάριχος,154
1544,Κωσάμ,154
1545,γημόρος,154
1546,τοξιανοί,154
1547,Διονύσια,153
1548,τίνω,153
1549,σολῖνος,153
1550,Σάτραι,153
1551,χρή,153
1552,σκότος,153
1553,μερίς,153
1554,κατάκουσις,153
1555,μονόπηρος,153
1556,δούλη,153
1557,προτίθημι,153
1558,φιλοσέβαστος,153
1559,λίθος,152
1560,γενναῖος,152
1561,ἀγρός,152
1562,κτάομαι,152
1563,εἴδω,152
1564,δέξιμος,152
1565,αἰώνιος,152
1566,Δωρίς,152
1567,ἱεράομαι,152
1568,δεῖπνον,151
1569,Ἀρτεμίσιος,151
1570,Αἰγαῖος,151
1571,Παταίκος,151
1572,εὐφραίνω,151
1573,κισσεύς,151
1574,Ἄφυτις,150
1575,ἀρχός,150
1576,παραβαίνω,150
1577,συμβαίνω,150
1578,Καύνιος,150
1579,ξανάω,150
1580,ἧμαι,150
1581,ἔλανος,150
1582,πηγή,150
1583,δωδέκατος,150
1584,ἀνασάξιμον,150
1585,ἀρχεῖον,150
1586,φάρος,149
1587,σκάφη,149
1588,δρόμος,149
1589,πνεῦμα,149
1590,βασιλείδης,149
1591,ἀσπίς,149
1592,ποῖος,149
1593,ὕψιστος,149
1594,ἰσθμικός,149
1595,πολιτεία,149
1596,ὠας,148
1597,Ἤρ,148
1598,Μαραθών,148
1599,γυμνήσιοι,148
1600,Πανδίων,148
1601,χημίον,148
1602,ἱππεύς,148
1603,βιόωνται,148
1604,φρονέω,148
1605,προαιρέω,148
1606,εὔζωνος,148
1607,Πρίαμος,148
1608,Ἐχεκράτης,148
1609,δαίμων,148
1610,ὁρκίζω,148
1611,αἰαντίδης,147
1612,ἑρμαῖος,147
1613,οἰκοδομέω,147
1614,ἱππικός,147
1615,ἄνου,147
1616,συνώνητος,147
1617,Αἰνησίδημος,147
1618,διπάνας,147
1619,Κάρνειος,147
1620,κόμης,147
1621,ιον,146
1622,ἐλαύνω,146
1623,ἀστός,146
1624,Σαμοθρᾴκη,146
1625,Ἀρμένιος,146
1626,ἀντίμαχος,146
1627,Τραχίνιος,146
1628,θεόκριτος,146
1629,Ἀρτάνης,146
1630,οἰκεῖος,146
1631,λίβανος,146
1632,Ἀγαίος,146
1633,ἀναιρέω,146
1634,κολωνία,146
1635,δέκομαι,146
1636,ῥάκος,146
1637,μύρια,146
1638,δόλος,145
1639,ὅσπερ,145
1640,πυρός,145
1641,συμμάχομαι,145
1642,Συρακούσιος,145
1643,ἀσφαλής,145
1644,ἄνιος,145
1645,καλοκἀγαθέω,145
1646,προσάγω,144
1647,ἀπολύω,144
1648,πάχος,144
1649,κλάσις,144
1650,ἁρπάζω,144
1651,Θάσιος,143
1652,εὔφημος,143
1653,τροφή,143
1654,σεμνόω,143
1655,πένταθλον,143
1656,πασικράτεια,143
1657,οἰκονόμος,143
1658,Ματιηνοί,143
1659,τάξις,142
1660,εὐώνυμος,142
1661,Αἰγήλιος,142
1662,Μενεδεῖος,142
1663,ὑγιόω,142
1664,ἐγγυητής,142
1665,φροντίζω,142
1666,νουμήνιος,142
1667,πρόσταγμα,142
1668,Περσεύς,141
1669,ἄνιππος,141
1670,ἐπῆρσε,141
1671,καλλιερέω,141
1672,πρέσβη,141
1673,ῥυμός,141
1674,πολύκλεπτος,141
1675,Πάφος,141
1676,χρησμός,141
1677,συνθήκη,140
1678,νίκη,140
1679,παλαίστρα,140
1680,Ἡλίας,140
1681,Λίχης,140
1682,νᾶνος,140
1683,ἠπιόω,140
1684,δακτύλιον,140
1685,βαρύς,140
1686,Σαύλιος,140
1687,Περραιβοί,140
1688,Μοῦσα,140
1689,αὐτοσαυτόν,140
1690,δεκτός,139
1691,δόκιμος,139
1692,τριακάς,139
1693,προσρέω,139
1694,μιμέομαι,139
1695,ἅλυσις,139
1696,διομήδης,139
1697,ὑπόμνημα,138
1698,ματήρ,138
1699,ἄκαρπος,138
1700,χάλκεος,138
1701,Συλεύς,138
1702,ὕπαρχος,138
1703,Εὐρυκλείδης,138
1704,Τραχίς,138
1705,Πολυνείκης,138
1706,ἐπιτελουμένως,138
1707,ἅρμα,138
1708,εὐγενής,138
1709,περιχαρής,138
1710,Κυζικηνός,137
1711,ἱεράζω,137
1712,πείθω,137
1713,Κλεόμβροτος,137
1714,ἐφοράω,137
1715,φθινάς,136
1716,δευτερίας,136
1717,κλίνη,136
1718,Φαινίππος,136
1719,Λαοδάμας,136
1720,Σόλων,136
1721,Τερτύλλος,136
1722,Πανίωνες,136
1723,ἀξιόλογος,136
1724,Αἰγιναῖος,135
1725,θυρίς,135
1726,Κλεοπᾶς,135
1727,πινάω,135
1728,διόγνητος,135
1729,χεῖλος,135
1730,τρίφωνος,135
1731,βραχίων,135
1732,καταδίδωμι,135
1733,ξενοδόκος,135
1734,χαρίζω,135
1735,ἀνάστασις,135
1736,ῥοδιακός,135
1737,διπλόος,134
1738,πρυτανεύω,134
1739,Δορίσκος,134
1740,Αἰακίδαι,134
1741,σκυρώδης,134
1742,Πέργη,134
1743,ἐπίθημα,134
1744,Ἰαμίδαι,134
1745,κλείω,133
1746,ἀπολαμβάνω,133
1747,θρόνος,133
1748,Τεισαμενός,133
1749,Ἀγλωμάχος,133
1750,δεσμός,132
1751,πονηρία,132
1752,γλύκων,132
1753,Ἀχελῷος,132
1754,πάσχω,132
1755,πινακίς,132
1756,οἰναῖος,132
1757,δωσίδικος,132
1758,κεραμών,132
1759,ὑπηρέτης,132
1760,εὔκονος,132
1761,ἱεροκῆρυξ,132
1762,ἀνάγαιον,132
1763,Σαρδώ,132
1764,πίων,132
1765,εἴσπλοος,132
1766,ἀσπονδεί,132
1767,ἀναίματος,131
1768,ἀγέστρατος,131
1769,ἔκδοτος,131
1770,Σιρίτης,131
1771,θεραπεύω,131
1772,λεξικος,131
1773,κέντρον,131
1774,εὐμενής,131
1775,Σύρτις,131
1776,ὀρθοκόπος,131
1777,τρικτυαρχέω,131
1778,Λυκοῦργος,130
1779,Παντίτης,130
1780,χωλός,130
1781,πέτρα,130
1782,Ποντικός,130
1783,σωσίβιοι,130
1784,ἄμμος,130
1785,ἐντύω,130
1786,λεοντίς,129
1787,κωμῳδός,129
1788,Μεταγειτνιών,129
1789,ὄφις,129
1790,μάχη,129
1791,θρασύμαχος,129
1792,μόναρχος,129
1793,Πολιεύς,129
1794,αἶνος,129
1795,χειροκρίτης,129
1796,μέλας,129
1797,Δάμαρις,129
1798,Κάριος,129
1799,Ἰωσίας,128
1800,βροτός,128
1801,Αἰολεύς,128
1802,Βοιώτιος,128
1803,τελώνης,127
1804,παρώας,127
1805,Φανουήλ,127
1806,Λύκιος,127
1807,ἁμαρτάς,127
1808,κόλασις,127
1809,λιμός,127
1810,Πάμφυλοι,127
1811,ὑποθήκη,127
1812,ἕδριον,127
1813,χιλιάς,127
1814,ὠγή,127
1815,ξέστης,127
1816,τελειόω,127
1817,μειλίχιος,127
1818,αἷμα,127
1819,Ἀντιπατρίς,127
1820,βιοτή,127
1821,κρήνη,126
1822,φθόνησις,126
1823,σοφοκλέης,126
1824,Φόρμος,126
1825,χαλκόκρατος,126
1826,ὑπηρετέω,126
1827,ἐξήκω,126
1828,φιλόκαισαρ,126
1829,κυνοειδής,126
1830,φύλαξ,125
1831,πράττω,125
1832,Μηλιεύς,125
1833,Ἐτεοκλῆς,125
1834,ὄνειδος,125
1835,πληρόω,125
1836,εἰκέναι,125
1837,δικέρατος,125
1838,ὁμόνοια,125
1839,φιλαγαθία,125
1840,Ἁλικαρνασσεύς,125
1841,ἀναδίδωμι,125
1842,λιβανωτός,125
1843,πυλαία,125
1844,θρασύβουλος,124
1845,πεντακόσιος,124
1846,φιλοτιμέομαι,124
1847,ἀγωγή,124
1848,κέρμα,124
1849,ἦθος,124
1850,Μεσσήνιος,124
1851,ἀναγιγνώσκω,124
1852,ἄνθραξ,124
1853,στεφανηφορέω,124
1854,τραχύς,123
1855,θνῄσκω,123
1856,παραινέω,123
1857,Ἔφεσος,123
1858,φερεκλεής,123
1859,Δημαρμένος,123
1860,καταβολή,123
1861,δάκτυλος,123
1862,λευκόν,123
1863,μισθωτός,123
1864,ὑμέτερος,123
1865,κατάχθονος,123
1866,διεσπασμένως,123
1867,λεπτάριον,123
1868,δηλόω,123
1869,δέσμιος,123
1870,Αἰτωλίς,123
1871,ἀπολύουσα,123
1872,πωλητής,122
1873,Κιλλικύριοι,122
1874,Φοῖνιξ,122
1875,φιλέταιρος,122
1876,ἀρεστός,122
1877,κλάδος,122
1878,δείκνυμι,122
1879,Παλλήνη,122
1880,θάρσος,122
1881,ἔμμηνος,122
1882,πειράζω,122
1883,προάστειον,122
1884,Κελαιναί,121
1885,Ξάνθος,121
1886,γυμνός,121
1887,πρῷρα,121
1888,αὐλέω,121
1889,βραγχώδης,121
1890,εὔβουλος,121
1891,Μέγαρα,121
1892,Ληναιών,121
1893,κοράσιον,121
1894,προγραμμός,121
1895,πολίζω,121
1896,ἰσοπολίτης,121
1897,παροδίτης,121
1898,ἀνατείνω,121
1899,δάνειον,121
1900,θύννος,121
1901,ἀποφαίνω,120
1902,ἐπιδέκατος,120
1903,Ἀγρυλῆ,120
1904,νησιώτης,120
1905,Πισιδία,120
1906,γέρων,120
1907,Μαναήν,120
1908,γράφος,120
1909,ἐμφανίζω,120
1910,δεύτατος,120
1911,λέκτο,120
1912,σύντροφος,120
1913,οἴκημα,119
1914,Σάκαι,119
1915,κυριακός,119
1916,σύμπας,119
1917,ψιλός,119
1918,Κύπριος,119
1919,Ῥήγιον,119
1920,αἰσχρός,119
1921,κυρτών,119
1922,νεόξαντος,119
1923,γραπτός,119
1924,θνητός,119
1925,πρύμνα,119
1926,γυμνάς,119
1927,Οὐρανία,119
1928,Μίκυθος,119
1929,ὑφαιρέω,119
1930,πρατίας,119
1931,ἀρά,118
1932,ἄμεμπτος,118
1933,ὑγίεις,118
1934,ναύαρχος,118
1935,Μαρσύας,118
1936,Γόργος,118
1937,Ἡρόδοτος,118
1938,Δωρικός,118
1939,Ὀλυμπιηνοί,118
1940,προστατέω,118
1941,ἄγκυρα,118
1942,σικάριος,118
1943,ψιλωτής,118
1944,δρακοντίς,118
1945,φιλαδέλφιον,118
1946,νεωποίης,118
1947,Μῆδος,117
1948,νομός,117
1949,δεινός,117
1950,Κροῖσος,117
1951,ἄνθος,117
1952,Ξάνθιππος,117
1953,εὐπόλεμος,117
1954,Δημῶναξ,117
1955,ἔγκλημα,117
1956,ἀποκαθιστάνω,117
1957,εὐσεβέω,117
1958,στάζω,117
1959,μισθωτής,117
1960,ἡνιοχεύς,117
1961,Τύριος,117
1962,ἀνεψιός,117
1963,μεγαλοπολίτης,117
1964,Σαλαμίνιος,116
1965,Χερσονησίτης,116
1966,ἀπροφάσιστος,116
1967,ἱππάς,116
1968,ἀνοίσω,116
1969,ἐνίστημι,116
1970,νεοπτόλεμος,116
1971,μουσικός,116
1972,φοβέω,116
1973,πονηρός,116
1974,κυμβίον,116
1975,Τροφώνιος,116
1976,λίμνη,116
1977,ἀποδεδειγμένως,116
1978,τελαμών,116
1979,μονή,115
1980,Ἀνθεστηριών,115
1981,Παναθήναια,115
1982,περ,115
1983,Θερμαῖος,115
1984,τελετή,115
1985,κομιδή,115
1986,πέλαγος,115
1987,ὄγδοος,115
1988,ἐπάγω,115
1989,ἥττων,115
1990,εὐχαριστήριος,115
1991,μαστρός,115
1992,φιλορώμαιος,115
1993,πε,114
1994,τριτεύς,114
1995,μύρον,114
1996,ἀντίος,114
1997,πένθος,114
1998,Κάδμος,114
1999,ἡγέομαι,114
2000,πολιτεύομαι,114
2001,γαλαθηνός,114
2002,ἀγχίων,114
2003,Πέλλα,114
2004,ἐμμενής,114
2005,ἀετός,114
2006,περιτομή,114
2007,φιλοκλαύδιος,114
2008,λήγω,113
2009,Πισίδιος,113
2010,διδάσκαλος,113
2011,Ἀναξίλεως,113
2012,Σικανία,113
2013,ὁπλίτης,113
2014,εὔχρηστος,113
2015,ἀνόητος,113
2016,ἐπιχωρέω,113
2017,κοντα,113
2018,ἀργυρόω,113
2019,Λεύκων,113
2020,χειλίαρχος,113
2021,ἔφορος,113
2022,θάλαμος,113
2023,λέντιον,112
2024,βοή,112
2025,κιχήλα,112
2026,τρέχω,112
2027,ἐπαιάζω,112
2028,λωΐων,112
2029,εὐταξία,112
2030,ὑπογράφω,112
2031,Βησσοί,112
2032,Νίνος,112
2033,αὐτοκρατορίς,112
2034,ἑκατοντάρχης,112
2035,ἀναπίπτω,112
2036,ὕδρευμα,112
2037,καταβαίνω,111
2038,ἀμφότεροι,111
2039,πρόσοδος,111
2040,βιάζω,111
2041,ξυστήρ,111
2042,Ἡρακλεῖδαι,111
2043,δημοτελής,111
2044,Ἐλευθέριος,111
2045,θάπτω,111
2046,ἐπίσημος,111
2047,παραχέω,111
2048,ἱεροκόμος,111
2049,βενετιανός,111
2050,ἀποσημαίνω,111
2051,σινδών,111
2052,ἀνουβιάς,111
2053,Ἄγρων,111
2054,γημόριον,111
2055,στεάτινος,111
2056,δέμω,110
2057,ἐκφέρω,110
2058,σεισμός,110
2059,ἔνοικος,110
2060,βαθύς,110
2061,κηρός,110
2062,ξενών,110
2063,γεραιός,110
2064,μαστός,110
2065,ἐγκράτεια,110
2066,κλεινός,110
2067,νεόγαμος,110
2068,πορνεία,110
2069,σελήνη,110
2070,τεκμορεύω,110
2071,εἰσπράσσω,109
2072,ἔπειμι,109
2073,δεκάτη,109
2074,Ἀδείμαντος,109
2075,μέτοικος,109
2076,εὐκτός,109
2077,στρατηλασία,109
2078,ζητέω,109
2079,ἐδαφόω,109
2080,ἔρημος,109
2081,Ὀρχομενός,109
2082,Ἠπιδανός,109
2083,Εὐρύμαχος,109
2084,πάππος,109
2085,μέστα,109
2086,ἐπερωτάω,109
2087,Λεοντῖνοι,109
2088,σκληρός,109
2089,πτῶμα,109
2090,δένδρον,108
2091,Καρικός,108
2092,Πάν,108
2093,Κῷος,108
2094,μέτρον,108
2095,ἐρωτάω,108
2096,Δηιόκης,108
2097,Ἡλεί,108
2098,ἐσθίω,108
2099,πάμφιλος,108
2100,Λαμπιτώ,108
2101,Ἑλληνίς,108
2102,βουλευτήρ,108
2103,οἰταῖος,108
2104,εὔπορος,108
2105,κλεῖτος,108
2106,τηλέμαχος,108
2107,Ταναγραῖος,108
2108,ἐφόδιον,108
2109,ἐκεχειρία,108
2110,ταβάλα,108
2111,θεοδόσιος,108
2112,οὐετερανός,108
2113,δειομένη,107
2114,ἐλαιών,107
2115,σαν,107
2116,Ἀλήιον,107
2117,Αἰγινήτης,107
2118,ἄφιλος,107
2119,Διομέδων,107
2120,Ὀρέστης,107
2121,ἐπιμελής,107
2122,γλυκύς,107
2123,τέρας,107
2124,θαρσέω,107
2125,σκαφιά,107
2126,δολέων,107
2127,νοέω,106
2128,κέραμος,106
2129,οἰνοχόη,106
2130,κῆπος,106
2131,Εὐμενίδες,106
2132,λυκίσκος,106
2133,ἰάομαι,106
2134,ἀναγκάζω,106
2135,κυκάω,106
2136,συναγωγή,106
2137,καλλίνικος,106
2138,χλίβιον,106
2139,γαμοκλόπος,106
2140,εἰσέρχομαι,106
2141,ἐμβάλλω,106
2142,Διόσκουροι,106
2143,ὠμός,106
2144,τελεταρχικός,106
2145,κάρφος,106
2146,θαυμάζω,106
2147,σύμβιος,106
2148,προθύμως,105
2149,σείσων,105
2150,Ἀράβιος,105
2151,δάκρυον,105
2152,σμύρνα,105
2153,Ἀγαμέμνων,105
2154,σωπιαίνουσιν,105
2155,παραίτιος,105
2156,Ἴρασα,105
2157,σιτιστός,105
2158,ἄπωτος,105
2159,Μακεδονίς,105
2160,Ἅννα,105
2161,φιλότεκνος,105
2162,ἐμμένω,105
2163,ἀποτομία,105
2164,ἀγράμματος,105
2165,ἀκέφαλος,105
2166,ἀθύρω,105
2167,μεστός,104
2168,Ἰάς,104
2169,πλατύς,104
2170,κλέω,104
2171,εὐφρόνη,104
2172,Σωφάνης,104
2173,θεόπομπος,104
2174,Σκιροφοριών,104
2175,ἀναστρόφως,104
2176,πελιτνός,104
2177,Σωτίδαι,104
2178,σκηνή,104
2179,ληνός,104
2180,ἐθέλω,103
2181,ἐλαία,103
2182,στάμνος,103
2183,Ἁλίαρχος,103
2184,πλήρης,103
2185,λαρινός,103
2186,μηνύω,103
2187,εὔφραστος,103
2188,Ἀβιά,103
2189,ἄχυρον,103
2190,πολυκλήϊς,103
2191,νεήκης,103
2192,πλόος,103
2193,Σμυρναῖος,103
2194,διαβαίνω,103
2195,κουρεύς,103
2196,ἤκεστος,103
2197,βαδρόμιος,103
2198,φυσητήριον,103
2199,εἶδος,102
2200,Δάμασος,102
2201,Πυθογένης,102
2202,εὔφρων,102
2203,Σαλαμίς,102
2204,ὑμνέω,102
2205,πλέθρον,102
2206,δημοκρατία,102
2207,ἔξοδος,102
2208,ἀγήσανδρος,102
2209,εὐροή,102
2210,εἰσοράω,102
2211,διαλαμβάνω,102
2212,ἐπικληρόω,102
2213,πεδάω,102
2214,γόης,102
2215,βρετανικός,102
2216,συνευαρεστέω,102
2217,πρωτρίς,102
2218,τέτορες,102
2219,γεωνόμος,101
2220,συγγράφω,101
2221,πληθώρα,101
2222,Σκύθης,101
2223,χαλκίον,101
2224,βαρέω,101
2225,προστρατηγέω,101
2226,δωσίβιος,101
2227,Κίλλα,101
2228,γεωργός,101
2229,ἄωρος,101
2230,ναύκληρος,101
2231,σαλτάριος,101
2232,σφραγίζω,100
2233,Μύκονος,100
2234,ἰσχυρός,100
2235,ὤλης,100
2236,Οἰνόη,100
2237,ἐκλαλέω,100
2238,περίβολος,100
2239,Ἑλληνικός,100
2240,εὐεργετικός,100
2241,Κοίλη,100
2242,πορεύομαι,100
2243,Σερούχ,100
2244,συγκλητικός,100
2245,Βιθυνία,100
2246,μονογενής,100
2247,συμμαχικός,100
2248,πεταλία,100
2249,μονόφαντος,100
2250,Μίδας,100
2251,ταινίδιον,100
2252,ἀρχιθέωρος,100
2253,δαμοῦαι,100
2254,μείλια,100
2255,αἴξ,99
2256,νέμω,99
2257,ἀργύρωμα,99
2258,συνάρχω,99
2259,ζηλόω,99
2260,κομίζω,99
2261,εὐθυμέω,99
2262,κοσμητής,99
2263,νόος,99
2264,ἐντείνω,99
2265,τελευτή,99
2266,συνοχή,99
2267,ἀστυνομέω,99
2268,συγχέω,99
2269,ἐπίσταμαι,99
2270,γαμβρός,99
2271,ζῆλος,99
2272,σαννίων,99
2273,ὀλίγος,99
2274,πέλεκρα,99
2275,ἔνι,99
2276,ἥρυς,99
2277,ἄγρα,98
2278,ἦδος,98
2279,ἄμαχος,98
2280,κύκλος,98
2281,Τεγεάτης,98
2282,ἄπαις,98
2283,Ἀμίαντος,98
2284,ὀροφή,98
2285,ὁμοιόω,98
2286,τρίβολος,98
2287,ὕπνος,98
2288,φιλόνικοι,98
2289,προπολεύς,98
2290,φορέω,97
2291,λογιστής,97
2292,μόλυβδος,97
2293,βάρβαρος,97
2294,πορφύρα,97
2295,μαλακός,97
2296,ὀγκίαι,97
2297,ἐλλείπω,97
2298,δοκιμάζω,97
2299,μυρρίνης,97
2300,εὐχώριστος,97
2301,χρεία,97
2302,τάρας,97
2303,Εὐρώπη,97
2304,Πέργαμον,97
2305,πολύχυτος,97
2306,Καισάρεια,97
2307,ἀναγκαῖος,97
2308,Ἄμμων,97
2309,νειότατον,97
2310,προσφέρω,97
2311,βαίνω,97
2312,κοιμάω,97
2313,κατάκειμαι,97
2314,στρατόπεδον,96
2315,γάμος,96
2316,ἀρχεθέωρος,96
2317,ὀρθαγόρας,96
2318,βαρυδρόμου,96
2319,κῶνα,96
2320,πρεσβύτης,96
2321,εὐσχήμων,96
2322,Ἀμφίπολις,96
2323,μεῖστος,96
2324,Γαλατικός,96
2325,προσκυνέω,96
2326,καταλαγχάνω,95
2327,εἴκω,95
2328,διδάσκω,95
2329,Ἀρκαδία,95
2330,Ἀλκαμένης,95
2331,Ἀρχίδημος,95
2332,φιλότης,95
2333,φανός,95
2334,πολεμέω,95
2335,πλούσιος,95
2336,προστατεύω,95
2337,σώσανδρον,95
2338,καλάμινος,95
2339,σησάμινος,95
2340,Παιανιεύς,95
2341,πόμα,95
2342,δέμας,95
2343,πλαισός,95
2344,ἀλήθεια,94
2345,ἑκατοστός,94
2346,εὐθύμως,94
2347,διαλείπω,94
2348,ἄκρον,94
2349,γλαυκός,94
2350,Ἡφαιστιέες,94
2351,κράνος,94
2352,δέρος,94
2353,Ἑκατομβαιών,94
2354,ἐπείγω,94
2355,Ἐλύμας,94
2356,ἐπωνυμία,94
2357,ἁλίσκομαι,94
2358,ψηφισμός,94
2359,κάνεον,94
2360,Πραίσιος,94
2361,Δαρεῖος,94
2362,θήκη,94
2363,γαιάδας,94
2364,κιθαριστής,94
2365,ἀναγόρευσις,94
2366,διαγραφή,94
2367,Ῥηγῖνος,94
2368,Ἀγορή,94
2369,ἀπότροχος,94
2370,σκάφος,93
2371,ἄροτρον,93
2372,ὀπεύει,93
2373,νεογύνης,93
2374,Ἀρκεσιμας,93
2375,Ἐρετριέες,93
2376,Σολομών,93
2377,μίσανδρος,93
2378,Λακρίνης,93
2379,κρίνον,93
2380,Βοηδρομιών,93
2381,δύσκροτος,93
2382,φρουρέω,93
2383,Μηδικός,93
2384,ἀποκαθίστημι,93
2385,χαυλιόδους,93
2386,Λιβύη,93
2387,κῦμα,93
2388,κεάνωνος,93
2389,Μάλης,93
2390,βάρνακα,93
2391,ἐγγῆρυς,93
2392,φιλάδελφος,93
2393,παροξύνω,93
2394,Μαντύης,93
2395,κακοσκήνης,93
2396,Κῶς,93
2397,συμμαχία,92
2398,παραγγέλλω,92
2399,Αἴνεια,92
2400,αὐδάω,92
2401,ποτάμιος,92
2402,ἀήρ,92
2403,κρήτη,92
2404,ὕψος,92
2405,ὑπόγραμμα,92
2406,συκάσιος,92
2407,Σανδώκης,92
2408,Φείδων,92
2409,τοσοῦτος,92
2410,ἐνέδρα,92
2411,διακόσιοι,92
2412,ἀείκιον,92
2413,χθόνιος,92
2414,ἀντίφερνος,92
2415,κάθημαι,92
2416,Ἀβραάμ,92
2417,ἀριστάω,92
2418,παιδάριον,92
2419,κληρονομία,92
2420,πρόστα,92
2421,ὀμφαλός,92
2422,ἄστικτος,92
2423,φρουρά,91
2424,δισχίλιοι,91
2425,εὐθύνω,91
2426,κριθή,91
2427,ὅμοιος,91
2428,ἅλας,91
2429,Δαίδαλος,91
2430,εὔκλεια,91
2431,ἐντελής,91
2432,δανείζω,91
2433,σιτωνία,91
2434,νεανίσκος,91
2435,βλίτωνας,91
2436,Διώνη,91
2437,Ποσιδήιον,91
2438,μυρσίνη,91
2439,ἰλιακός,91
2440,ἐξαιρέω,90
2441,πειθαρχέω,90
2442,Βουτάδης,90
2443,Κόμψαντος,90
2444,Θρᾷξ,90
2445,θαῦμα,90
2446,Θέρσανδρος,90
2447,Ἀρνεί,90
2448,Παῖτοι,90
2449,δικαστέον,90
2450,καθίζω,90
2451,σωτήριος,90
2452,τορνόομαι,90
2453,καλλίπους,90
2454,Ἀμώς,90
2455,Φῆλιξ,90
2456,κώμη,90
2457,σκατοφόροι,90
2458,δαρικός,90
2459,Βηθανία,90
2460,πισμός,90
2461,πρόδομος,90
2462,εἰκοστός,90
2463,Ὀλυνπιάς,90
2464,πυλών,90
2465,ἠρινός,90
2466,δορά,89
2467,Εὐρυδήμος,89
2468,καρίων,89
2469,Πιλᾶτος,89
2470,σθένος,89
2471,κλαίω,89
2472,ἐκτένεια,89
2473,φυλέτης,89
2474,Τήριλλος,89
2475,τάραγμα,89
2476,ὄρνις,89
2477,χορικός,89
2478,λυσίμαχος,89
2479,Λάζαρος,89
2480,ἐπιτιμή,89
2481,προαίρω,89
2482,δασμός,89
2483,πεντεκαιδέκατος,89
2484,περιαργυρόω,89
2485,ἄδαν,89
2486,Σοῦσα,89
2487,ἐχθρός,88
2488,ἔλεος,88
2489,πίλινα,88
2490,φιλοστοργία,88
2491,κεράμιον,88
2492,ἀντία,88
2493,πικρός,88
2494,κλάω,88
2495,ἐξηγέομαι,88
2496,ἀντιγραφή,88
2497,φάττιον,88
2498,σεμνότης,88
2499,διακλέπτω,88
2500,σώρακος,88
2501,δυσμέτρητος,88
2502,ἀνάξιος,88
2503,Λάκαινα,88
2504,Γεράστιος,88
2505,ἡγεμονεύς,88
2506,λιπόγαμος,88
2507,προκριτής,88
2508,εὐψυχέω,88
2509,ὀπωρινός,88
2510,στέλλω,87
2511,ἐπιγιγνώσκω,87
2512,κάρα,87
2513,Ἀριστολαΐδης,87
2514,παράλιος,87
2515,Κιλικία,87
2516,πρώταρχος,87
2517,σπεύδω,87
2518,ξυλον,87
2519,ἐργώνης,87
2520,πίμπλημι,87
2521,Μουνυχιών,87
2522,ἐπιδημέω,87
2523,Ἐλαφηβολιών,87
2524,θεόφαντος,87
2525,δεκάς,87
2526,διατίθημι,87
2527,συγκλίτης,87
2528,πολιτικός,87
2529,ζωπύρα,87
2530,πρέπω,87
2531,ἐπιτιμέω,87
2532,καταχράομαι,87
2533,ἀμφικτυονικός,87
2534,προκλητικός,87
2535,ταγεύω,87
2536,ἀνοίγνυμι,86
2537,ἀνδραγαθία,86
2538,σκευή,86
2539,ἀποτίθημι,86
2540,οὐλή,86
2541,θεῖον,86
2542,ὄρχος,86
2543,ἰσόθεος,86
2544,ὕλη,86
2545,παρατίθημι,86
2546,κεφαλῆφιν,86
2547,ἐφηβεύω,86
2548,κειρία,86
2549,τυχικός,86
2550,νομοφυλακίς,86
2551,ἐκτενῶς,86
2552,ἀνυπόδητος,86
2553,πλάνος,86
2554,πωλικός,86
2555,κτῆμα,86
2556,προσδέχομαι,86
2557,τυπίς,86
2558,Μυτιλήνη,86
2559,ἔππασις,86
2560,ἀντέπειμι,86
2561,ἀδίκημα,85
2562,οἶος,85
2563,χορηγέω,85
2564,πάρεδρος,85
2565,συκῆ,85
2566,χιτών,85
2567,κιθαρῳδός,85
2568,κωτίλος,85
2569,Πραίσιοι,85
2570,ἄφεσις,85
2571,προτενής,85
2572,μετέχω,85
2573,γάγγαμον,85
2574,θέειον,85
2575,κύων,85
2576,περιγίγνομαι,85
2577,κύβιτον,85
2578,Μηλίς,85
2579,νομή,85
2580,Μακεδονία,85
2581,γαῖα,85
2582,δισσός,85
2583,παρθενία,85
2584,πεντακόσια,85
2585,κεροβάτης,85
2586,ἀσπιδής,85
2587,Θεσσαλονικεύς,85
2588,ἡλόω,85
2589,χοῖνιξ,84
2590,ἄργυρος,84
2591,ἐκλείπω,84
2592,ἴσθμιος,84
2593,φιλόσοφος,84
2594,ἴσανδρος,84
2595,φημοσύνη,84
2596,χαμόκοιτος,84
2597,ἱεροθύτης,84
2598,φιλόμαχος,84
2599,Εὐβουλεύς,84
2600,δᾳδοῦχος,84
2601,ἀντίπαλος,84
2602,ὠνέομαι,84
2603,Κάσιος,84
2604,ἵππιος,84
2605,σύμφωνος,84
2606,δαμάζω,84
2607,ἐκτενής,84
2608,Ἐλισαῖος,84
2609,βροντή,84
2610,Δεκάπολις,84
2611,ὑπόδικος,84
2612,ἄτεκνος,84
2613,σανιδόω,84
2614,ἀπελευθερωτικός,84
2615,ὅρκμον,83
2616,ἀκρομανής,83
2617,τετράγωνος,83
2618,ζεῦγος,83
2619,αἶα,83
2620,Πέρσης,83
2621,βῆμα,83
2622,Ἄκανθος,83
2623,Ἀλκιμέδων,83
2624,ἀντίδικος,83
2625,Κώς,83
2626,Φυλλίς,83
2627,ξενότιμος,83
2628,Ἄγις,83
2629,ἐνδύω,83
2630,Μολοσσός,83
2631,πολύευκτος,83
2632,ἐγείρω,83
2633,συλλογή,83
2634,παρθένιον,83
2635,πρασιανός,83
2636,αὐτόκρατος,83
2637,δυσμή,83
2638,ἔπαινος,83
2639,Ἑλένη,83
2640,λαμπρότοξος,83
2641,ἄρσην,83
2642,κάω,83
2643,Τῆνος,83
2644,ἐξορκίζω,83
2645,εἰσαθρέω,83
2646,φιλοπάτρως,83
2647,ἐγκηδεύω,83
2648,παντελής,82
2649,ἀπαγγέλλω,82
2650,Κνίδιος,82
2651,τριήραρχος,82
2652,ὀρχήστρα,82
2653,Ἐρασῖνος,82
2654,ἀσμένως,82
2655,ἀείσιτος,82
2656,σύμβολον,82
2657,αὐτοήλιος,82
2658,ῥέω,82
2659,ἀριστοφυής,82
2660,Ἑστία,82
2661,κυριεύω,82
2662,τειχόμαχος,82
2663,εὐνοέω,82
2664,οὐδός,82
2665,Ἀλεξανδρῖνος,82
2666,ἐπιδείκνυμι,82
2667,καταριστάω,82
2668,παρεπιδημέω,82
2669,εὔδαος,82
2670,Θαμάρ,82
2671,εὐορκέω,82
2672,πάροικος,82
2673,ἀχιλλεύς,82
2674,γλυκυπότης,82
2675,ἐπισίνομαι,82
2676,ὑπατία,82
2677,τετραρχέω,81
2678,σφι,81
2679,Σαλά,81
2680,ἀνοικοδομέω,81
2681,σημεῖον,81
2682,Πάσιος,81
2683,οἰκέτης,81
2684,μάντις,81
2685,φιλίσκος,81
2686,Φρικωνίς,81
2687,ψηφιδοφόρος,81
2688,Λυδικός,81
2689,γιγγράϊνος,81
2690,μῆνις,81
2691,ἀνασείω,81
2692,σπονδοφόρος,81
2693,παραστάτης,81
2694,τροφός,81
2695,χιλιάγωνος,81
2696,ὀφείλησις,81
2697,πυροφορέω,81
2698,μεγαλοπρεπέως,81
2699,πομμοῦσαν,81
2700,φιλῖτα,81
2701,θεοκόλος,81
2702,Φαναγόρης,81
2703,Ἰσραήλ,81
2704,γῦρος,81
2705,κάπια,81
2706,γεραίστιος,81
2707,ὀρφανός,80
2708,ἐμπίπτω,80
2709,ἀρήν,80
2710,οἰκιακός,80
2711,μελιτόω,80
2712,Ἐχέστρατος,80
2713,φράτριος,80
2714,θεογενής,80
2715,διάδοχος,80
2716,οὐδών,80
2717,Βόσπορος,80
2718,ἁρμός,80
2719,μιαίνω,80
2720,Ἀκαρνάν,80
2721,εὐεργέτημα,80
2722,χάραξ,80
2723,Φανατεύς,80
2724,εὐπορία,80
2725,ἧλος,80
2726,λόφος,80
2727,σατινός,80
2728,ζωός,80
2729,Ἀρταῖοι,80
2730,διοίκησις,80
2731,Πύθιος,80
2732,ἀπολογίζομαι,80
2733,δίδαγμα,80
2734,λῆναι,80
2735,ἀμφίεσις,80
2736,Ἰωάν(ν)ης,80
2737,Λίνδος,80
2738,παράπυκνος,80
2739,ξυράω,79
2740,ἕδρα,79
2741,Ἀμφίων,79
2742,πείσει,79
2743,λυπέω,79
2744,βαλλιστής,79
2745,πορεύω,79
2746,μαντεύω,79
2747,ἀριστογόνος,79
2748,Ἰεσσαί,79
2749,ἄναξ,79
2750,νοτόθεν,79
2751,ἐκδίδωμι,79
2752,νάρδος,79
2753,ἄγαμος,79
2754,θεόφατος,79
2755,πειράω,79
2756,Ἀπατούρια,79
2757,μεγαλομερής,79
2758,ζωτικός,79
2759,σπεῖρος,79
2760,πλεκτός,79
2761,κωφός,79
2762,ἀνάπαυσις,79
2763,δέος,78
2764,Θῆβαι,78
2765,φύος,78
2766,σιγή,78
2767,ἐνδείκνυμι,78
2768,χυσταία,78
2769,Νηλεῖδαι,78
2770,λυσίγαμος,78
2771,ἐντολή,78
2772,πεντηκοστή,78
2773,κατάρα,78
2774,πρωτόγονος,78
2775,στεῖνος,78
2776,Μυτιληναῖος,78
2777,Σμύρνα,78
2778,τέρμα,78
2779,ἐπαρχέω,78
2780,δόξα,78
2781,ἱκέτης,78
2782,συνίστημι,78
2783,σπόριμος,78
2784,ἕσθαι,77
2785,φρούραρχος,77
2786,ἔδαφος,77
2787,Εὔβοια,77
2788,Σικυών,77
2789,Ἀριστογείτων,77
2790,σῦκον,77
2791,βρώσιμος,77
2792,προσγράφω,77
2793,δίδημι,77
2794,κατέρχομαι,77
2795,μήνη,77
2796,Τριτωνίς,77
2797,σύσπαστος,77
2798,Ἰταλία,77
2799,ἄκρα,77
2800,κράζω,77
2801,παράδοξος,77
2802,θράσος,77
2803,βέλτιστος,77
2804,ἀπέρχομαι,77
2805,νεῖκος,77
2806,διανύω,77
2807,λεοντιανός,77
2808,δειμαίνω,76
2809,πολέμιος,76
2810,βασίλειον,76
2811,ἔξοχος,76
2812,δεισιλός,76
2813,ἄκρατος,76
2814,ἔμπορος,76
2815,πρόσαντα,76
2816,εὐκοσμία,76
2817,φορτίον,76
2818,κομήεις,76
2819,ἴσχω,76
2820,ὅμιλος,76
2821,ἀποκλείω,76
2822,καλλιδίνης,76
2823,φιλαίτιος,76
2824,Ναζαρά,76
2825,προῖκα,76
2826,κέστρον,76
2827,γέγωνα,76
2828,φάσκω,76
2829,χλουνός,76
2830,ἔχιδνα,76
2831,ὑπήκοος,76
2832,ἐννέμω,76
2833,χαμοσόριον,76
2834,δράκων,76
2835,Καναναῖος,76
2836,ἐργάσιμος,76
2837,ἐντόνιον,76
2838,κατέχω,76
2839,Συρακόσιος,76
2840,δίνη,76
2841,θεραπευτός,76
2842,λευκιανή,76
2843,κῆδος,75
2844,ἀρχηγέτης,75
2845,πρωτόμαχος,75
2846,λύκος,75
2847,Θεασίδης,75
2848,ἐλεφαντώδης,75
2849,Εὐέλθων,75
2850,ἀγωνίζομαι,75
2851,ἑκατὸν,75
2852,εὐτόνως,75
2853,ἕξπους,75
2854,ἀπολείπω,75
2855,μέγαρον,75
2856,σχοῖνος,75
2857,Ἄδραστος,75
2858,Μύνδιος,75
2859,Ῥούθ,75
2860,ἀνάβασις,75
2861,ἀβουλία,75
2862,χλαβός,75
2863,Εἰλείθυια,75
2864,Ἑκάτη,75
2865,μόδιος,75
2866,γλυκερός,75
2867,ὀδελός,75
2868,ἱερατεία,75
2869,ἔναλλος,75
2870,χρυσῶπις,75
2871,αὐτόχθων,75
2872,γραμματίδιον,75
2873,χίλιοι,74
2874,ἀρνίον,74
2875,ἐναντίος,74
2876,πεζός,74
2877,κέφαλος,74
2878,ἔπανδρος,74
2879,ναυκράτης,74
2880,ὑποδέχομαι,74
2881,Κολοφώνιος,74
2882,εὐθηνός,74
2883,Ἀζάνης,74
2884,τριώβολον,74
2885,χαῖος,74
2886,νομεύς,74
2887,ὁρμάω,74
2888,γεωργέω,74
2889,πυκτή,74
2890,ἀπειλή,74
2891,καταδουλίζω,74
2892,Ἀρτυστώνη,74
2893,πολύβουλος,74
2894,πολεμαρχία,74
2895,ῥύτρυς,74
2896,μυστήριον,73
2897,Θαδδαῖος,73
2898,ὕδης,73
2899,ἔνασσα,73
2900,κυνόμαχον,73
2901,εὔβιος,73
2902,Ἄργιλος,73
2903,τριακόσιοι,73
2904,αὐτόνομος,73
2905,δωδεκέτης,73
2906,συνεσθίω,73
2907,κτίζω,73
2908,ἄπες,73
2909,Μίνως,73
2910,ἔπαφρος,73
2911,δορύλλιον,73
2912,ἐπινομία,73
2913,τραπεζίτης,73
2914,κμητός,73
2915,ἀγενής,73
2916,ζεῦξις,73
2917,ὀφειλέω,73
2918,δαφνών,73
2919,σφόνδυλος,72
2920,ἱμάτιον,72
2921,ἀσκός,72
2922,διάμονος,72
2923,περιμήκης,72
2924,πλούταρχος,72
2925,κρηπίς,72
2926,πλάτη,72
2927,ἐπιτυγχάνω,72
2928,Ἀλευάδαι,72
2929,νήπιος,72
2930,εὐλογία,72
2931,πηλόγονος,72
2932,τετρώκοντα,72
2933,περιτεύοντες,72
2934,ἐνδογενής,72
2935,δωτώ,72
2936,Θόας,72
2937,στεφάνιον,72
2938,χιλιαστύς,72
2939,τυρίον,72
2940,δράω,71
2941,ἐπικαμπή,71
2942,Λυδός,71
2943,γνήσιος,71
2944,φερώνυμος,71
2945,αὐτόματος,71
2946,εὔανδρος,71
2947,χοῦς,71
2948,ἁλία,71
2949,ἀνάδειξις,71
2950,Τυλίσιος,71
2951,περιέχω,71
2952,ὑπόκειμαι,71
2953,ἀσιτία,71
2954,φοῖβος,71
2955,Τέλλος,71
2956,φιλόνικος,71
2957,λιτανός,71
2958,γονεά,71
2959,δαιμόνιον,71
2960,ἀγαῖος,71
2961,λύπη,71
2962,ὄμβρος,71
2963,Ἑρμαιών,71
2964,διαφάνεια,71
2965,Ἐρετριεύς,71
2966,προαίρεσις,71
2967,σίσων,71
2968,διοδεύω,71
2969,νύσσω,71
2970,Βέροια,71
2971,Ἰακώβ,71
2972,ἀρκέω,70
2973,φιλόμηλος,70
2974,Ἱππόνικος,70
2975,σάμεα,70
2976,Παιονία,70
2977,γυρῖνος,70
2978,Σαμαρίτης,70
2979,τρίμηνος,70
2980,ἐπιγίγνομαι,70
2981,βοράω,70
2982,εὔκαρπος,70
2983,εἰσαγγέλλω,70
2984,ἀρχιέρεια,70
2985,φεράλιος,70
2986,γεγωνητέον,70
2987,κωλύω,70
2988,Μνημοσύνη,70
2989,βοήθεια,70
2990,εὐκλεής,70
2991,γέρανος,70
2992,Τύλισος,70
2993,σεπτέμβριος,70
2994,μουσοτραφής,70
2995,δεμάτιον,69
2996,ἑξαμηνος,69
2997,καλλιστεύω,69
2998,τετράποδος,69
2999,καθαιρέω,69
3000,μετρέω,69
3001,μήτρα,69
3002,σιμοῦς,69
3003,βάσις,69
3004,Παιονικός,69
3005,χολλείδης,69
3006,ἐπιτήδειος,69
3007,θραύω,69
3008,οὐσία,69
3009,διανομή,69
3010,Σελευκεών,69
3011,ἀνάγκη,69
3012,Ἦλις,69
3013,ἐπικρατής,69
3014,κατάλογος,69
3015,Μέλισσα,69
3016,καμάρα,69
3017,πενταετηρικός,69
3018,ὀστέον,69
3019,θαμύς,69
3020,παρουσία,69
3021,Μάκρωνες,69
3022,παρεύρεσις,69
3023,κικαῖος,69
3024,λέων,69
3025,ἀρχιερωσύνη,69
3026,χείμασις,68
3027,τοξότης,68
3028,φρουρός,68
3029,παραγιγνώσκω,68
3030,χαρά,68
3031,ἀντιγραφεύς,68
3032,δακρύω,68
3033,δέρω,68
3034,Ἥφαιστος,68
3035,Παιάν,68
3036,Ἵππαρχος,68
3037,ὁποῖος,68
3038,ἱεροποιέω,68
3039,κινέω,68
3040,Ὑσιαί,68
3041,χαράδρα,68
3042,πλινθοποιός,68
3043,λάκκος,68
3044,συνοικέω,68
3045,γυμνασιαρχίς,68
3046,Ἀττάλεια,68
3047,ἀνατολή,68
3048,φύραμα,68
3049,εὐλαβής,68
3050,ἄκυρος,68
3051,ἐνηρόσιον,68
3052,γαμετή,68
3053,λιθώπης,68
3054,γλευκίτης,68
3055,ἄτιμος,67
3056,Ἴχναι,67
3057,κύλιξ,67
3058,θύος,67
3059,ἀρχέπολις,67
3060,ἅμιππος,67
3061,Φοινίκη,67
3062,λάμαχος,67
3063,μειδάω,67
3064,φιλογύνης,67
3065,ἀπόνητος,67
3066,ἔμπεδος,67
3067,Νέστωρ,67
3068,φιλανθής,67
3069,εἷ,67
3070,φίλανδρος,67
3071,βασανιστής,67
3072,σπένδω,67
3073,ἄλοχος,67
3074,ἐπίκτησις,67
3075,σίνιον,67
3076,λεπτός,67
3077,γυμνασία,67
3078,φιλάγαθος,67
3079,παιδικός,67
3080,σαβῖνον,67
3081,τρισχίλια,67
3082,θερμαντός,67
3083,ἐχινέες,67
3084,παραχειμασία,67
3085,ἐγκαλέω,67
3086,νεομηνία,67
3087,κύαθος,67
3088,λαοδόκος,67
3089,Μακεδονικός,67
3090,σεπτικός,67
3091,σύνηβος,67
3092,κριός,66
3093,ἔρις,66
3094,πονέω,66
3095,εὐδαίμων,66
3096,Κολχίς,66
3097,ἄδημος,66
3098,σύμφασις,66
3099,πρόπυλον,66
3100,τριηραρχέω,66
3101,Ἄνθης,66
3102,ὅρασις,66
3103,μωκός,66
3104,νόμαιος,66
3105,ἀγαπάω,66
3106,Σιτάλκης,66
3107,ἐτησίαι,66
3108,ῥήτωρ,66
3109,κάλημι,66
3110,τήλιστος,66
3111,ἵζω,66
3112,ὄναρ,66
3113,ἐπιχειρέω,66
3114,Καρδία,66
3115,παροχή,66
3116,ἔωσα,66
3117,μελίσσιος,66
3118,ἐπιταγή,66
3119,ἔοικα,66
3120,ἔναρχος,66
3121,ὑπογραμμός,66
3122,ἑκκαιδέκατος,66
3123,ἄλειπτρον,66
3124,χρονικός,66
3125,μελισσόφονος,66
3126,ἵημι,66
3127,ξηρός,65
3128,προστῷον,65
3129,ξάμμα,65
3130,κοινόω,65
3131,Ὄσσα,65
3132,Πυανοψιών,65
3133,Αἴολος,65
3134,περγασή,65
3135,Θηβαιεύς,65
3136,περιγεγραμμένως,65
3137,Μιλύαι,65
3138,ὑπεύθυνος,65
3139,χορεῖον,65
3140,δέρας,65
3141,παιδεύω,65
3142,πλεόνως,65
3143,πίπον,65
3144,ῥητός,65
3145,ἄκτιος,65
3146,ἔρανος,65
3147,Κυμαῖοι,65
3148,πρᾶσις,65
3149,Κορωναῖος,65
3150,Παίος,65
3151,ξοός,65
3152,πρόκειμαι,65
3153,Ἀλπηνοί,65
3154,παράκτιος,65
3155,τράγος,65
3156,λέαινα,65
3157,ταφή,65
3158,χορτότηλις,65
3159,Ξάνθιος,65
3160,θεάομαι,64
3161,λαι,64
3162,ἐπίφαντος,64
3163,σφάλος,64
3164,κόλπος,64
3165,τομάω,64
3166,Κρότων,64
3167,δέον,64
3168,ὅμηρος,64
3169,αὐτοκρατής,64
3170,συγγένεια,64
3171,κέω,64
3172,σαλεύω,64
3173,κάμπη,64
3174,σιδήριον,64
3175,μεγαλοπρεπής,64
3176,Θήρων,64
3177,ἑξηκοστός,64
3178,ὑπομένω,64
3179,τετώμενοι,64
3180,κλειτός,64
3181,κάμινος,64
3182,προτείνω,64
3183,ἀβάσκαντος,64
3184,λοχάω,64
3185,Ἡρῳδιανοί,64
3186,διαφορά,64
3187,θερμασία,64
3188,Χαλδαῖος,64
3189,φιλικός,64
3190,τραῦμα,64
3191,μετέρχομαι,64
3192,θέμις,64
3193,πολύκλειτος,64
3194,πενταετηρίς,64
3195,γαστρήσιος,64
3196,ἀναγγελία,64
3197,εὔθυνα,63
3198,ἀφίστημι,63
3199,βαλανεῖον,63
3200,ὄχλος,63
3201,θρασυμήδης,63
3202,ἀποθύμιος,63
3203,φθόνος,63
3204,γνῶσις,63
3205,κοτύλη,63
3206,παναθηναί̈ς,63
3207,ἑβδομάς,63
3208,ἐπιφέρω,63
3209,ἐπιτιμία,63
3210,συνοχος,63
3211,Γαμηλιών,63
3212,ἔμπηρος,63
3213,προβουλεύω,63
3214,ὑποκριτής,63
3215,Κασθαναία,63
3216,τρίδωρος,63
3217,ἐλλάμπω,63
3218,χωρέω,63
3219,ζηλωτής,63
3220,παιδεία,63
3221,ἐπιστέλλω,63
3222,πράσιος,63
3223,μῆλον,63
3224,ἀμείβω,63
3225,καρποφόρος,63
3226,διηνεκής,63
3227,κήρυγμα,63
3228,αἰτία,63
3229,ἐφόδια,63
3230,προσμένω,63
3231,ἄλευρον,63
3232,κόσμησις,63
3233,ἄμφοδον,63
3234,δουλεύω,63
3235,Πριήνη,63
3236,πολυάρατος,63
3237,κάματος,63
3238,ἀμφιτρίτη,63
3239,ἀνδριαντίδιον,63
3240,ἀρτάβη,63
3241,γριφᾶσθαι,62
3242,Ἀλέα,62
3243,δείδω,62
3244,δεῖμα,62
3245,ἱππαρχέω,62
3246,πετρώδης,62
3247,προλείπω,62
3248,φαμιστός,62
3249,ὀγδοάς,62
3250,φράστης,62
3251,καύσιμος,62
3252,ἀτμίς,62
3253,διάβασις,62
3254,χολαργεύς,62
3255,ἐτης,62
3256,ὁπλέω,62
3257,ἑκατοντάς,62
3258,διοικέω,62
3259,εὐδαιμονία,62
3260,συνήκω,62
3261,δέφω,62
3262,τακτός,62
3263,ἀντιαχάτης,62
3264,κερτόμιος,62
3265,πατρικός,62
3266,ἀπολογητέον,62
3267,δαμιεργός,62
3268,συμμαχέω,62
3269,τρεισκαιδέκατος,62
3270,ψυχρός,62
3271,γλαμός,62
3272,Λευίτης,62
3273,πρανής,62
3274,ἐναρίθμιος,62
3275,στυμνός,62
3276,Ἴστρος,62
3277,ἡδύποτος,62
3278,ὄρθρος,62
3279,κατισχύω,62
3280,χάρτης,62
3281,ζωάγρια,62
3282,ἀνδρώνιον,62
3283,τυπή,62
3284,Ναζαρηνός,62
3285,χιλωτήρ,62
3286,ὁρατής,62
3287,ἐπαρχεῖος,62
3288,ἀποκτείνω,61
3289,εὔθυνος,61
3290,λύχνος,61
3291,Χαλκίς,61
3292,ἐπάρατος,61
3293,βυθός,61
3294,εὔδικος,61
3295,θηρίκλειος,61
3296,ἀντικρατέω,61
3297,ἔσοδος,61
3298,ἀποδιδάσκω,61
3299,πρόεδρος,61
3300,στρογγύλος,61
3301,Ἐπίζηλος,61
3302,δοκιμασία,61
3303,κωπεύς,61
3304,ὑπογραμματεύς,61
3305,καθηγεμών,61
3306,πελανός,61
3307,πυθολέτης,61
3308,Κάμικος,61
3309,πανήμερος,61
3310,Κασιώτης,61
3311,ἐκτελέω,61
3312,βασίλεια,61
3313,Πύλαι,61
3314,πόθοδος,61
3315,πρόμαντις,61
3316,τύλη,61
3317,ἄβατος,61
3318,εὐνομία,61
3319,φρήν,61
3320,διαγράφω,61
3321,Βιθυνός,61
3322,χανδάνω,61
3323,Βοῦλις,61
3324,μεταλλάσσω,61
3325,κακόξενος,61
3326,γόνιμος,61
3327,ζυγή,61
3328,γειτονεύω,61
3329,Ἰωσήφ,61
3330,κοινωνέω,61
3331,ἀνύω,61
3332,λατόμιον,61
3333,σάτον,60
3334,Σικελία,60
3335,ἀπόλλυμι,60
3336,μωρίων,60
3337,λίμνος,60
3338,διακονέω,60
3339,ἀκόλουθος,60
3340,σκῆπτρον,60
3341,μονόμαχος,60
3342,σπορά,60
3343,εὔμνηστος,60
3344,φρόνιμος,60
3345,πολυήρατος,60
3346,περίφαντος,60
3347,πλησίος,60
3348,ζώνη,60
3349,ὑπαρχή,60
3350,παράγω,60
3351,δικαιόω,60
3352,θεόμαχος,60
3353,χιλή,60
3354,πτυχώδης,60
3355,τρίκλωνος,60
3356,ὄψις,60
3357,καλλιόπη,60
3358,παμπλήρης,60
3359,ἐνδοξότης,60
3360,μετρητής,60
3361,Ζαχαρίας,60
3362,Λαός,60
3363,Βλάστος,60
3364,νομοφύλαξ,60
3365,ὑπακούω,60
3366,βράχος,60
3367,κηρύκειον,60
3368,γέρας,60
3369,χρηματισμός,60
3370,διάσημος,60
3371,κεραύνιος,60
3372,ἐντέλλω,59
3373,σταθερός,59
3374,κοντός,59
3375,Ὑᾶται,59
3376,βορά,59
3377,Αἰγεύς,59
3378,πολύχαρμος,59
3379,Κόβων,59
3380,παχύτης,59
3381,σικυωνία,59
3382,λουτρόν,59
3383,Κανδαύλης,59
3384,ἀπειθέω,59
3385,ἐμβόλιμος,59
3386,δικαστήρ,59
3387,σωσίπολις,59
3388,συντηρέω,59
3389,μνίειν,59
3390,κρίμα,59
3391,διαλέγω,59
3392,παροάω,59
3393,κατιτήρια,59
3394,περίπου,59
3395,κονιάω,59
3396,νεότης,59
3397,Λεῦκος,59
3398,Νέστος,59
3399,δίμηνος,59
3400,λῶντι,59
3401,Σπάρτη,59
3402,ἐξέδρα,59
3403,ξεναγωγός,59
3404,σαλπιστής,59
3405,τριτάλας,59
3406,ἐχομένως,59
3407,ὁλκάς,59
3408,ποινή,59
3409,μικύθειος,59
3410,μηλιάδες,59
3411,ἐμπόριον,59
3412,Χοράσμιοι,59
3413,κανών,58
3414,σαρίν,58
3415,φερσεφόνη,58
3416,τριττύς,58
3417,Χερσόνησος,58
3418,ἀδικαίαρχος,58
3419,δράσιμος,58
3420,τετράων,58
3421,ἔλυμα,58
3422,ἀπελαύνω,58
3423,μοιχός,58
3424,ἐπάρχω,58
3425,Θεσπρωτοί,58
3426,συνίημι,58
3427,ὄννις,58
3428,πικρῶς,58
3429,μοιραγέτης,58
3430,βάσανος,58
3431,αἰσχύνη,58
3432,νείκη,58
3433,ἀλλότριος,58
3434,Ἰσαάκ,58
3435,θύρωμα,58
3436,δαῦκος,58
3437,πατρώνυμος,58
3438,Πάμμων,58
3439,πενθερός,58
3440,Βαραχίας,58
3441,γόμος,58
3442,φίλιος,58
3443,κεφάλωμα,58
3444,ἐπιβαίνω,58
3445,ἀποστολή,58
3446,σαφέω,58
3447,ῥαβδωτός,58
3448,Θεσσαλονίκη,58
3449,δευτεραῖος,58
3450,ἀντάξιος,58
3451,θυμελικός,58
3452,ζευγίτης,58
3453,Τελμησσέες,58
3454,Βοττιαῖοι,57
3455,προπύλαιος,57
3456,δεισία,57
3457,Κάρ,57
3458,Γελῷος,57
3459,μονήρης,57
3460,χειρόδοτος,57
3461,Μενάρης,57
3462,ναύπακτος,57
3463,Τελέσσα,57
3464,κρανίον,57
3465,πολύτιμος,57
3466,περινέω,57
3467,ἀδαλές,57
3468,ἀνάλωτος,57
3469,μέμνων,57
3470,ἥγησις,57
3471,ἐπείρομαι,57
3472,προχοή,57
3473,συντέλεια,57
3474,πρόφασις,57
3475,ἡμίεκτον,57
3476,Ὀνομάκριτος,57
3477,δημοφῶν,57
3478,πλείσταρχος,57
3479,γεντιανή,57
3480,φερέπονος,57
3481,πεντακισχίλιοι,57
3482,ἐξαγωγή,57
3483,σιτηρέσιον,57
3484,διακονία,57
3485,πάλλω,57
3486,κακῶς,57
3487,καταλύω,57
3488,βίος,57
3489,γλανοί,57
3490,ἀναγνώστης,57
3491,ἀπέλεθρος,57
3492,ἐνώπιον,57
3493,Ζεβεδαῖος,57
3494,Ἀρσαμένης,57
3495,ἐνώπια,57
3496,βόλλα,57
3497,ἐπιμήνιος,57
3498,οἶστρος,57
3499,ἀναστησείω,57
3500,χερσονήσιος,57
3501,ὀπωρίζω,57
3502,Δεκελής,56
3503,Πάρθοι,56
3504,συντελικός,56
3505,τάφρος,56
3506,ἰά,56
3507,Φρυγία,56
3508,ὑγίεια,56
3509,παρμένω,56
3510,φρήταρχος,56
3511,χαλαστραῖος,56
3512,Σάρτη,56
3513,ἑταῖρος,56
3514,ἐπιτίμιον,56
3515,κεφαλῖνος,56
3516,Μαιμακτηριών,56
3517,αὐτοκμής,56
3518,εὐφίλητος,56
3519,Λακωνικός,56
3520,ἐξεταστής,56
3521,καταξύω,56
3522,λιτή,56
3523,παιδοτρίβης,56
3524,Δύσωρον,56
3525,ἐξαντάω,56
3526,Κέρκωψ,56
3527,οἰόομαι,56
3528,χάλκωμα,56
3529,ἄθραυστος,56
3530,διαλύω,56
3531,Ἀστακός,56
3532,χρυσόγονος,56
3533,πρωτογενής,56
3534,εὐώψ,56
3535,χλουία,56
3536,Σόδομα,56
3537,κοιτών,56
3538,παρθενιανός,56
3539,Ἠλεῖος,56
3540,κίκιννος,56
3541,ἀδελφικός,56
3542,χαριστίων,56
3543,γαλάται,56
3544,καθοράω,56
3545,ὀνησιφόρος,56
3546,ἕκατι,56
3547,ἀξιόμαχος,56
3548,χρῄζω,56
3549,βροντάω,56
3550,τεσσίχου,56
3551,ἵλαος,56
3552,ἀνασπάω,56
3553,ἐνοικέω,56
3554,βίῳ,56
3555,ἰσόκρατος,56
3556,κατακολουθέω,56
3557,συναγωγός,56
3558,παρήκω,56
3559,πετρών,56
3560,καλλίγονος,56
3561,ἡρωίνη,56
3562,Βυσίος,56
3563,ἐνθάπτω,56
3564,παιδοφορέω,56
3565,θεσμός,55
3566,ὀδούς,55
3567,ἄκρος,55
3568,πεντηκόνταρχος,55
3569,ἔργω,55
3570,πρωτεύς,55
3571,νόμιμος,55
3572,μάχομαι,55
3573,ἱδρύω,55
3574,ἁμαρτάνω,55
3575,εἰσαγωγή,55
3576,σίτησις,55
3577,ἀνέγκλητος,55
3578,κοιλιακός,55
3579,Ἰορδάνης,55
3580,ἑρμεῖον,55
3581,ῥύσιμον,55
3582,σάκελλος,55
3583,λέβης,55
3584,δικρατής,55
3585,ὁμολογία,55
3586,προβαίνω,55
3587,ἀποβαίνω,55
3588,σπάνακα,55
3589,διακούω,55
3590,ξυστός,55
3591,ἀπελευθέρωσις,55
3592,Ὀρσιφάντος,55
3593,γραμματιστής,55
3594,ἀπέχω,55
3595,λεύκωμα,55
3596,νησίζω,55
3597,πελτοφόρος,55
3598,παπίας,55
3599,Ἰωανάν,55
3600,ἄκαινα,55
3601,τίοισι,54
3602,βλάπτω,54
3603,ἐκλέγω,54
3604,μίσθωμα,54
3605,σιμύλος,54
3606,πυρεύς,54
3607,Ὀνήτης,54
3608,Εὐαλκίδης,54
3609,πρόμαχος,54
3610,φιλίππῳ,54
3611,Λαμψακηνός,54
3612,μικός,54
3613,ἄβρων,54
3614,πέρας,54
3615,ἀγαλλίασις,54
3616,ἀμαίευτος,54
3617,ἄπολις,54
3618,πανδοκεύς,54
3619,εἰσφορά,54
3620,λεμά,54
3621,πῶλος,54
3622,Ἐλεώνιος,54
3623,εὔδωρος,54
3624,βαλανεύς,54
3625,κῦδος,54
3626,ἀπάτη,54
3627,βαλανεύω,54
3628,ἀνθρώπινος,54
3629,ἱππότης,54
3630,χυμος,54
3631,σύμπασμα,54
3632,πρόσγραμμα,54
3633,ταώς,54
3634,ἄδμητος,54
3635,ἀγάπη,54
3636,Σαπαῖοι,54
3637,γεύομαι,54
3638,ὀφειλόντως,54
3639,ἀνακομίζω,54
3640,ἀντιτίνω,54
3641,δελφίς,54
3642,σιτόμετρος,54
3643,Βίστονες,54
3644,θεωροδοκέω,54
3645,σῖρις,54
3646,λεσχανόριος,54
3647,Κριός,53
3648,σποδός,53
3649,γνώστης,53
3650,ἐρύω,53
3651,λεύκιππος,53
3652,πολιορκέω,53
3653,εὔπολις,53
3654,δημαρχέω,53
3655,Σάρδεις,53
3656,Εὔριπος,53
3657,Χρομίος,53
3658,Αἰγύπτιος,53
3659,κανίας,53
3660,Ἀμφίλυτος,53
3661,καλύπτω,53
3662,σώφρων,53
3663,ἀριστεύω,53
3664,Ἀνήριστος,53
3665,ὕεν,53
3666,Πιτάνη,53
3667,θεσμόθετις,53
3668,οἰκοδομία,53
3669,τρισχίλιοι,53
3670,ὀγδοιο,53
3671,ἰσοπύθιος,53
3672,φιλόχηρος,53
3673,Σάνη,53
3674,κακόω,53
3675,ἅμιλλα,53
3676,παρακολουθέω,53
3677,ἀνήκω,53
3678,τρῆμα,53
3679,χρειακός,53
3680,διάπλεως,53
3681,σπάνιος,53
3682,ἀπόδημος,53
3683,στρατεία,53
3684,πειρατής,53
3685,ὑστερέω,53
3686,Λακεδαίμων,53
3687,φιλόμηρος,53
3688,κιλλός,53
3689,ἐνεύνοι,53
3690,δαΐς,53
3691,κομάω,53
3692,διακρίνω,53
3693,χρόνιος,53
3694,ἄλειμμα,53
3695,Δᾶτις,53
3696,Μαγνησία,53
3697,Ἀκρίσιος,53
3698,παραμονή,53
3699,κεῦθος,53
3700,πημαντέος,53
3701,ὑπέρχομαι,53
3702,τριταῖος,53
3703,δικράδεστος,53
3704,πρωτοφανής,53
3705,ταύτᾳ,53
3706,στολή,53
3707,ἀρχεύω,52
3708,ἔκω,52
3709,ἠτα,52
3710,Σήθ,52
3711,ὑγρός,52
3712,γραμματεύω,52
3713,Χάρις,52
3714,ἤπιος,52
3715,εὔδοξος,52
3716,Σουσάννα,52
3717,λοιμός,52
3718,Λαύρειον,52
3719,ἡγεμονία,52
3720,κάμνω,52
3721,θεαίτητος,52
3722,θέπτανος,52
3723,πάτωρ,52
3724,σιτηρός,52
3725,ὀνομάζω,52
3726,γένεσις,52
3727,ἐκπίπτω,52
3728,λεία,52
3729,προῦ,52
3730,σοῦβος,52
3731,σκύμνος,52
3732,καταντάω,52
3733,κλυτός,52
3734,καρδία,52
3735,ἑρμηνεύς,52
3736,θεοπρόπος,52
3737,εὐχαρίστως,52
3738,διαμύσσω,52
3739,φιλοξενέω,52
3740,πόρος,52
3741,κεράς,52
3742,γρουνός,52
3743,βεβαιωτής,52
3744,ταινιόω,52
3745,ἀρχιερατεύω,52
3746,θηλαμών,52
3747,δοιάς,52
3748,σύμπαντι,51
3749,κυρόω,51
3750,Κουροτρόφος,51
3751,Ἐνιῆνες,51
3752,φάλαρον,51
3753,φερένικος,51
3754,σοφία,51
3755,βιόω,51
3756,Ἴμβρος,51
3757,Μελεά,51
3758,παράκλητος,51
3759,πανταχῇ,51
3760,Κερκυραῖος,51
3761,ἀναφαίνω,51
3762,διαμένω,51
3763,προεδρία,51
3764,ὀρθῶς,51
3765,στρόφαλος,51
3766,Θησεύς,51
3767,κραιπάλη,51
3768,χορηγία,51
3769,φλαύρως,51
3770,εἰκ,51
3771,πομπεῖον,51
3772,λυσιῳδός,51
3773,ἄδωρος,51
3774,ἀρσίπους,51
3775,ἐρατεινός,51
3776,κάλλιστος,51
3777,θετταλός,51
3778,προσαγορεύω,51
3779,λόρδων,51
3780,πληθύς,51
3781,φύγιμον,51
3782,ἡρακλεώτης,51
3783,διάφορος,51
3784,ἀνακηρύσσω,51
3785,μεγαλόψυχος,51
3786,βάρμος,51
3787,θεωρόδοκος,51
3788,Μινύαι,51
3789,Ἱππίας,51
3790,Διοσκόριος,51
3791,πλατεῖα,51
3792,νικόβουλος,51
3793,στρεπτός,51
3794,ῥόδον,51
3795,Σύρος,51
3796,ὑποτίθημι,51
3797,χρυσένδετος,51
3798,ἐνεχυράζω,51
3799,ἀρχοντίς,51
3800,ἀνθρωπίζω,51
3801,κακκείοντες,51
3802,τοῖος,51
3803,λακίδαι,51
3804,κοινωνία,51
3805,Σίνδος,50
3806,πολυτελής,50
3807,ὤνιος,50
3808,αἰ,50
3809,εὔνομος,50
3810,ποιμήν,50
3811,ταξίαρχος,50
3812,οἶκα,50
3813,χαριτόω,50
3814,πεντετηρίς,50
3815,φωνέω,50
3816,προσπταίω,50
3817,ποιησείω,50
3818,Σκίαθος,50
3819,θαλέω,50
3820,θύσις,50
3821,περιοδώδης,50
3822,συνετός,50
3823,διανεύω,50
3824,πομπικός,50
3825,ἐγγεύομαι,50
3826,μάταιος,50
3827,προσαντίος,50
3828,λαλιά,50
3829,διμναῖος,50
3830,μυστικός,50
3831,Ἁγνεών,50
3832,σατυρίσκος,50
3833,ἐπισκίασμα,50
3834,φύω,50
3835,λήϊτον,50
3836,γεμιστός,50
3837,πλησίον,50
3838,Ἑβραΐς,50
3839,Κνόσιος,50
3840,στράτιος,50
3841,φύκης,50
3842,Ἐπιδάμνιος,50
3843,δώμησις,50
3844,ἀπολογέομαι,50
3845,προγονικός,50
3846,οἰκειότης,50
3847,φιλοπονία,50
3848,Δελφίνιον,50
3849,κερατών,50
3850,τρύφακτος,50
3851,ἀλείφω,50
3852,κεράτιον,50
3853,παραλύω,50
3854,ἰδίω,50
3855,συγγίγνομαι,50
3856,περιαλή,50
3857,ἐμ,50
3858,χώραυλος,50
3859,ἀνατανύω,50
3860,σεῖος,49
3861,τύραννος,49
3862,ξενοκλείδειον,49
3863,Πελοπόννησος,49
3864,Θρᾴκη,49
3865,Βυζάντιος,49
3866,σπείρω,49
3867,σεαυτοῦ,49
3868,Αἰγιαλεύς,49
3869,μέλι,49
3870,τλάω,49
3871,Λεωκήδης,49
3872,παλαιστρίτης,49
3873,θρασύς,49
3874,κρατερός,49
3875,Ὀνόμαστος,49
3876,οἴνη,49
3877,μερίζω,49
3878,εὐαίνητος,49
3879,συναυαίνω,49
3880,διπλάσιος,49
3881,Λυκάρητος,49
3882,χιλιέτης,49
3883,προτρέπω,49
3884,ἔντυος,49
3885,γενέθλιος,49
3886,πολύυμνος,49
3887,κακοπαθέω,49
3888,δεκαδεύς,49
3889,καταγίγνομαι,49
3890,ἐπικρίνω,49
3891,μενοῦν,49
3892,πεινάω,49
3893,Νίγερ,49
3894,προβάλλω,49
3895,πάνδημος,49
3896,βλέπω,49
3897,καρτερός,49
3898,νομικός,49
3899,στελιον,49
3900,Γαδαρηνός,49
3901,αὐσαυτοῦ,49
3902,Ἀστυπάλαια,49
3903,σιλήνει,49
3904,Αἶα,49
3905,ἀπελευθερία,49
3906,Λάσος,49
3907,εὐαμερία,49
3908,φιλοπάτωρ,49
3909,Εὐβοικός,49
3910,δαπάνημα,49
3911,χόλιξ,49
3912,ἥσσων,49
3913,παρατρέω,49
3914,ὁμήρειον,49
3915,συνεταιρέω,49
3916,Μαθθαῖος,49
3917,ἐπινεμεσάω,49
3918,παραβάτις,49
3919,περιιτέον,49
3920,βοηθόος,49
3921,τυμβωρυχία,49
3922,πρωτόκοσμος,49
3923,ὁρίζω,48
3924,ἄμαξα,48
3925,νεύω,48
3926,πατριάρχης,48
3927,κριτός,48
3928,Ὀρχομένιος,48
3929,ἔντονος,48
3930,Ἀλπηνός,48
3931,μεθίημι,48
3932,μαντεῖον,48
3933,Μαρώνεια,48
3934,γα,48
3935,στερεός,48
3936,τόξον,48
3937,συχνός,48
3938,μάχαιρα,48
3939,ἀνδρόμεος,48
3940,βουλεῖον,48
3941,φιλαιδής,48
3942,παραρίπτω,48
3943,ἐπίχαρτος,48
3944,Ματθάν,48
3945,συνωνή,48
3946,εὐσχημονέω,48
3947,πανίλαος,48
3948,ἀπόφασις,48
3949,μαθητής,48
3950,προσίστημι,48
3951,ἐπιδέχομαι,48
3952,φαρύνει,48
3953,Τυχικός,48
3954,μαζαγόας,48
3955,παρασκευή,48
3956,συηνέω,48
3957,ἔνανδρον,48
3958,σαόμβροτος,48
3959,πᾶμα,48
3960,χθών,48
3961,θοίνη,48
3962,εὐνοϊκός,48
3963,πολύπαις,48
3964,ὑπερβάλλω,48
3965,σισύρα,48
3966,ἄγκιστρον,48
3967,τετρακοσίος,48
3968,ἄδαμος,48
3969,προστατήριος,48
3970,κόνις,48
3971,προέρχομαι,48
3972,διέρχομαι,48
3973,Ἄγητος,48
3974,Κύμης,48
3975,συστρατεύω,48
3976,κιονίς,48
3977,ἀσήμαντος,48
3978,κορμίω,48
3979,λᾶθος,48
3980,ἄλαβα,48
3981,πρώιος,48
3982,γρυκτός,48
3983,νεόπτραι,48
3984,ἀπερῶ,48
3985,ἀτάρνη,48
3986,Τρωικός,47
3987,νεοπολίτης,47
3988,Ἀναξανδρίδης,47
3989,ἄφθονος,47
3990,Δαδίκαι,47
3991,γλαυκώ,47
3992,κέρας,47
3993,ἑταίρα,47
3994,πλευρά,47
3995,κλέπτω,47
3996,χρύσωμα,47
3997,Ἄλος,47
3998,νομάς,47
3999,ὄμμα,47
4000,εὔτακτος,47
4001,νηοκόρος,47
4002,ἁρμόττω,47
4003,πρωΐ,47
4004,ψήν,47
4005,πανστρατιά,47
4006,τραγῳδός,47
4007,σωφρονιστής,47
4008,ἐπέχω,47
4009,προτομή,47
4010,πετασών,47
4011,δίαντα,47
4012,φακαρίς,47
4013,πάριππος,47
4014,στενός,47
4015,Μεσσάπιοι,47
4016,κλειστός,47
4017,περίοδος,47
4018,εὐβολέω,47
4019,δάκρυμα,47
4020,Δώρος,47
4021,βία,47
4022,ἄρεσκος,47
4023,πρατομηνία,47
4024,ἡμίονος,47
4025,βάλανος,47
4026,ἀκέραιος,47
4027,καλοπραγέω,47
4028,συντάσσω,47
4029,ἱστορέω,47
4030,Ἡγησιπύλη,47
4031,γαλάκτιον,47
4032,διάγραμμα,47
4033,τυμνία,47
4034,πάλλας,47
4035,πετραῖος,47
4036,προαποδότης,47
4037,ὑπάργυρος,47
4038,γαλαξιών,47
4039,μνημονεύω,47
4040,τιμοῦχος,47
4041,ξενοπολίτης,47
4042,φιλόστοργος,47
4043,πρωτεύω,47
4044,Βεροιαῖος,47
4045,χειρόνομος,47
4046,πετά,47
4047,εὖρος,47
4048,Ἄλσειος,47
4049,βλάζειν,46
4050,ἄλαλος,46
4051,φράζω,46
4052,ἀσκέω,46
4053,στρῶμα,46
4054,λῆμμα,46
4055,ψεῦδος,46
4056,μήτι,46
4057,φεραῖος,46
4058,Κόλχος,46
4059,ὀβελίσκος,46
4060,κοῦρος,46
4061,σωφρονέω,46
4062,παγκρατιαστής,46
4063,νῶτον,46
4064,μηχανή,46
4065,χαρίτινος,46
4066,ἔλασις,46
4067,ἑξακόσιοι,46
4068,νεοφάντης,46
4069,ἐρινεώς,46
4070,διατρίβω,46
4071,εὐόρκωτος,46
4072,Τένεδος,46
4073,εὕω,46
4074,ἐπιτροπή,46
4075,οἰκοδομή,46
4076,παχύς,46
4077,Ἰαλυσός,46
4078,βούλαρχος,46
4079,Ἀστυάγης,46
4080,φυλαρχέω,46
4081,περιοδονίκης,46
4082,ξενισμός,46
4083,πολεύω,46
4084,ἐμφανής,46
4085,ὑπογυμνασίαρχος,46
4086,μάγειρος,46
4087,ἑβδεμήκοντα,46
4088,ἐπιδραμεῖν,46
4089,χολάω,46
4090,στράτευμα,46
4091,σύλλυσις,46
4092,ἀριστοφάνειος,46
4093,νυμφών,46
4094,ἐπίλοιπος,46
4095,ἄδυτος,46
4096,ἀγοραῖος,46
4097,εὐδοκέω,46
4098,ταρσικός,46
4099,δωρέομαι,46
4100,δέκτης,46
4101,βασίλειος,46
4102,φώσων,46
4103,περίχρυσος,46
4104,λησίμβροτος,46
4105,διαδίδωμι,46
4106,Φοινικαῖος,46
4107,Συμεών,46
4108,ἁπλόος,46
4109,Ἱστιαιῶτις,46
4110,πέπων,46
4111,ἀναδέχομαι,46
4112,ξένιος,46
4113,υεἱός,46
4114,ἄγχιστος,46
4115,ἄδηλος,46
4116,εὐκαρπία,46
4117,ἴκρια,45
4118,ξανθός,45
4119,γλεῦκος,45
4120,φόνος,45
4121,σιρός,45
4122,Ἠρακλεία,45
4123,Σμίλα,45
4124,εἰσβολή,45
4125,ὅνε,45
4126,κωμαρχίδης,45
4127,Ἀνάφης,45
4128,ἄμετρος,45
4129,εὔνια,45
4130,σιός,45
4131,φιλόω,45
4132,βασιλεία,45
4133,στέφω,45
4134,ἐκδικέω,45
4135,νοσσός,45
4136,ἐκβάλλω,45
4137,ἡγεμόνη,45
4138,ὀτρυντύς,45
4139,λοίθον,45
4140,τεταρτεύς,45
4141,Μασίστης,45
4142,ἕτοιμος,45
4143,συλάω,45
4144,λουέω,45
4145,ἀποδημέω,45
4146,ὄρουσις,45
4147,ἀκολουθία,45
4148,ταραχή,45
4149,ἐρωέω,45
4150,ἐπιτέλεια,45
4151,Κολοφών,45
4152,παρκαλέω,45
4153,ἄρατρον,45
4154,Ἄξιος,45
4155,ἠέροπος,45
4156,πασίφιλος,45
4157,φιλαδελφέω,45
4158,πολύαρχος,45
4159,νυν,45
4160,ὀρέστιον,45
4161,θαμινός,45
4162,διαλαγχάνω,45
4163,Ἁλικαρνασσός,45
4164,ποῦρος,45
4165,Χοιρέαι,45
4166,διαφρος,45
4167,ἔραται,45
4168,τράχηλος,45
4169,ἐπήκοος,45
4170,ἀφιέρωσις,45
4171,ξενομανέω,45
4172,δικασταγωγός,45
4173,ἔλλεσχος,45
4174,πενθερά,45
4175,πρόπαππος,45
4176,διώκω,45
4177,γαλλαῖος,45
4178,εἰδέα,45
4179,ἀμοιβή,45
4180,Πάνορμος,45
4181,ὑπόχαλκος,45
4182,ἀνολισθάνω,45
4183,ὀργή,45
4184,ἐπίχωσις,45
4185,φενίνδα,45
4186,λυσιμάχειος,45
4187,μεγύτης,45
4188,ἀείμνηστος,45
4189,προσευχή,45
4190,πράκτωρ,45
4191,κηδάζω,45
4192,ναυτιώδης,45
4193,ταμιεύω,44
4194,κατακαίω,44
4195,ποτείδαια,44
4196,Αἴας,44
4197,Δαρεικός,44
4198,πηλός,44
4199,ἐπιστρέφω,44
4200,καῖρος,44
4201,δάμεια,44
4202,ναυτικός,44
4203,τίτλος,44
4204,ἴστρος,44
4205,μελέαγρος,44
4206,ἀστήρ,44
4207,ναυμαχέω,44
4208,ἄμφω,44
4209,ἀκρόπολις,44
4210,εἰσφαίνω,44
4211,φιλόφρων,44
4212,σαργάνιον,44
4213,ἀρχαιρεσία,44
4214,ὁσιότης,44
4215,συνιδρύω,44
4216,εἰσηγέομαι,44
4217,ἀφανίζω,44
4218,κόρυμβος,44
4219,ταμίευσις,44
4220,Στυρεύς,44
4221,σειρηφόρος,44
4222,ἄνυδρος,44
4223,στατικός,44
4224,ξυστάρχης,44
4225,στέγη,44
4226,Τρίτων,44
4227,Σκύριος,44
4228,κανηφορέω,44
4229,καύστης,44
4230,ἐννεάμηνος,44
4231,Κασπία,44
4232,κοιμάομαι,44
4233,λυγρός,44
4234,στυγερός,44
4235,φορμύνιος,44
4236,φόρβα,44
4237,φίλτατος,44
4238,πελλᾶς,44
4239,Ἀλκείδης,44
4240,μεταπέμπω,44
4241,Ἀρμενία,44
4242,Μύρινα,44
4243,κλίσιον,44
4244,λάθρᾳ,44
4245,Μαχανεύς,44
4246,διάταγμα,44
4247,πανάρετος,44
4248,ἑπτακόσιοι,44
4249,πρώσας,44
4250,ἐλεέω,44
4251,κοίρανος,44
4252,σπόρος,44
4253,Λυδίης,44
4254,λειογένειος,44
4255,ναυαρχέω,44
4256,πορθμός,44
4257,ἐγκάθετος,44
4258,μιθραδάτης,44
4259,ἡγούμενος,44
4260,σιτών,44
4261,Πεδαγείτνυος,44
4262,Πλακία,44
4263,ἀγχομαι,43
4264,φάσκον,43
4265,νεφέλη,43
4266,μίλτος,43
4267,δελτίον,43
4268,βρύματα,43
4269,κρεμάννυμι,43
4270,ἀπογραφή,43
4271,θίασος,43
4272,κοράκιον,43
4273,οἰκτρός,43
4274,οὐχί,43
4275,λογισμός,43
4276,φυγή,43
4277,συλλαμβάνω,43
4278,διαμαχέω,43
4279,Λαβυάδαι,43
4280,ἀνάδοτος,43
4281,ἐνδέω,43
4282,βίβλος,43
4283,ξενοφωνία,43
4284,θεομανής,43
4285,κεράω,43
4286,χείρων,43
4287,γοήμων,43
4288,ἱεραύλης,43
4289,ωγενος,43
4290,φόβος,43
4291,ἀκάμπιον,43
4292,κατάρχω,43
4293,Ἐπικτήτα,43
4294,μύσον,43
4295,πότερα,43
4296,μεγαλεῖος,43
4297,μορφή,43
4298,ἀρχισυνάγωγος,43
4299,δέματρος,43
4300,δαμοσόνιος,43
4301,προοράω,43
4302,Λήρισαι,43
4303,ἀφοράω,43
4304,γαστήρ,43
4305,οὐθείς,43
4306,χαλεπός,43
4307,ἀρχωνίδας,43
4308,φιλόκαλος,43
4309,φροντιστής,43
4310,δέησις,43
4311,Βουβάρης,43
4312,φιλωνίδειον,43
4313,λαόδικος,43
4314,καίω,43
4315,ἐκτίθημι,43
4316,τίνα,43
4317,αἰθαλίων,43
4318,Μουσεῖον,43
4319,μεγαλοφροσύνη,43
4320,σελάω,43
4321,δέμει,43
4322,ἀποκράζω,43
4323,βουλευτός,43
4324,ταγός,43
4325,θεοφιλότης,43
4326,φρούριον,43
4327,λυκιάρχης,43
4328,ἐλευσίνιος,42
4329,τροπός,42
4330,καλλίκριτα,42
4331,τρίβος,42
4332,ἀμόρα,42
4333,παράδοσις,42
4334,ἄμμων,42
4335,θεοφάντωρ,42
4336,πελαστής,42
4337,αἰθαλώδης,42
4338,φιλοψάμαθος,42
4339,προσέλασις,42
4340,ἰδιωτικός,42
4341,κέρδος,42
4342,Λυκαονία,42
4343,πόσις,42
4344,κοίτη,42
4345,γλυκύνους,42
4346,φρέαρ,42
4347,δείους,42
4348,κάμηλος,42
4349,Θαλῆς,42
4350,ποντικός,42
4351,τρηχώ,42
4352,Ταυρεών,42
4353,βιότιον,42
4354,ἀθλητής,42
4355,Θερμοπύλαι,42
4356,πρατεύς,42
4357,θεραπεία,42
4358,τελέως,42
4359,ἐπιγονή,42
4360,ὠφελέω,42
4361,ἀνάσφορον,42
4362,Ἰόππη,42
4363,Σιδωνία,42
4364,κερδαίνω,42
4365,σύγγραφος,42
4366,δαμάλιον,42
4367,μείλιον,42
4368,Περδίκκης,42
4369,σμιρεύς,42
4370,ἐγκαθεύδω,42
4371,ἀείδω,42
4372,προσεύχομαι,42
4373,δοῦρας,42
4374,σύνειμι,42
4375,κατάπεμνοι,42
4376,ἀνακέαται,42
4377,Μυσία,42
4378,Θαμασίος,42
4379,συντόμως,42
4380,κολλάω,42
4381,Πλυνός,42
4382,Καππαδοκία,42
4383,κοσμᾶν,42
4384,δεισίθεος,42
4385,ὀξύς,42
4386,δισώματος,42
4387,ἀρησιών,42
4388,Νῶε,42
4389,κτίσμα,42
4390,παλαιστός,42
4391,κνημαῖος,42
4392,τελέθω,42
4393,ἔμφυλος,42
4394,δίμιτρος,42
4395,ἐκγενής,42
4396,ναστίσκος,42
4397,ἁμαρτωλός,42
4398,χαμόν,42
4399,καταδικάζω,41
4400,Κλαζομένιος,41
4401,τυλίον,41
4402,σιγάω,41
4403,ἐπίκουρος,41
4404,τανταλίς,41
4405,βουλόμαχος,41
4406,Φάρες,41
4407,φυματώδης,41
4408,χάνος,41
4409,μανύω,41
4410,Κεδρών,41
4411,αὐγή,41
4412,Ἱπποκόων,41
4413,ἄπορος,41
4414,θῆλυς,41
4415,στοιχέω,41
4416,κολλητής,41
4417,ὅπερ,41
4418,βάθος,41
4419,προσφιλής,41
4420,μειζονία,41
4421,νοσσίον,41
4422,λαμπάδιος,41
4423,Πυθαϊστής,41
4424,εὐθύδικος,41
4425,ἔμβολος,41
4426,ἀρίγνωτος,41
4427,γλύξις,41
4428,τρίιππον,41
4429,κηρυκεύω,41
4430,φίλη,41
4431,ἀκανθίων,41
4432,φέγγος,41
4433,ἄβρυστος,41
4434,Μωϋσῆς,41
4435,καμίνη,41
4436,ἐντανύω,41
4437,Κάρνεια,41
4438,λούω,41
4439,ὄφελος,41
4440,γαῗται,41
4441,συγγενεύς,41
4442,νυμφίος,41
4443,ταινία,41
4444,σώτειρα,41
4445,γενέθλη,41
4446,εὔχρους,41
4447,εἰκάς,41
4448,ἀρχηγός,41
4449,Μυρσίλος,41
4450,ἱππαρμοστής,41
4451,ἴγνητες,41
4452,Πέτρα,41
4453,σελαχώδης,41
4454,Σαρπηδόνιος,41
4455,βατιάκη,41
4456,ἀλεξανδρίζω,41
4457,κισσός,41
4458,ἀλείατα,41
4459,σάρδιον,41
4460,ὁρμή,41
4461,κοσμίζω,41
4462,παπάω,41
4463,Κασμένη,41
4464,θηλάζω,41
4465,πέτρινος,41
4466,Ἰσμήνιος,41
4467,χειμερινός,41
4468,συνήθεια,41
4469,μάμμη,41
4470,παραχύτης,41
4471,Ἰεχονίας,40
4472,Μεταγείτνιος,40
4473,τριακοσιοστός,40
4474,ἄγριος,40
4475,κοῦ,40
4476,μισόπονος,40
4477,φορβή,40
4478,εὔαρχος,40
4479,πῖνον,40
4480,Γέλων,40
4481,ἐπικρατέω,40
4482,χλαμύς,40
4483,Εὐμένειος,40
4484,μελίκρατον,40
4485,ὁμιλέω,40
4486,σεμνότιμος,40
4487,χειρόβιος,40
4488,μαρτύριον,40
4489,τειχοποιός,40
4490,λιμνάς,40
4491,σίντωρ,40
4492,ἀναπόκριτος,40
4493,πανεύτονος,40
4494,πλατύκαρπος,40
4495,γάστρα,40
4496,μεῖδος,40
4497,ἅπερ,40
4498,σαρόω,40
4499,δα,40
4500,ἀχρήματος,40
4501,σύλλογος,40
4502,πρωΐα,40
4503,παλός,40
4504,ἐλάχιστος,40
4505,οἰκοδόμος,40
4506,ἀντλέω,40
4507,ποτός,40
4508,Ἀκαρνανία,40
4509,σηκός,40
4510,μέλαθρον,40
4511,διασῴζω,40
4512,Κολοσσαί,40
4513,δεκαχῆ,40
4514,ἀντιλέγω,40
4515,πεπτός,40
4516,Πανίτης,40
4517,ὠμοκρατής,40
4518,κρατιστής,40
4519,στόλιον,40
4520,Θεράπνη,40
4521,πανουργία,40
4522,Ἰάκωβος,40
4523,ἐκχωρέω,40
4524,συμμαχίς,40
4525,νεοποίης,40
4526,ὑπογραμματεύω,40
4527,περιχριστέον,40
4528,διατεταμένως,40
4529,Φώκαια,40
4530,εἰκονικός,40
4531,διετήρων,40
4532,πετόντεσσι,40
4533,συντροφία,40
4534,ἀσεβέω,40
4535,ὕσκλος,40
4536,σιτικός,40
4537,διανέμω,40
4538,βαθύβουλος,40
4539,δράστης,40
4540,καθοδηγός,40
4541,εἰσβάλλω,39
4542,σανίς,39
4543,μισέω,39
4544,σύρα,39
4545,ἐπιτελής,39
4546,Φειδιππίδης,39
4547,πρόναος,39
4548,πρόσειμι,39
4549,ἔνδημος,39
4550,τρέω,39
4551,Κλεῖδες,39
4552,ἀληθής,39
4553,Παλλάδιον,39
4554,ἡμιπόδιος,39
4555,ὤστης,39
4556,Οὔτιοι,39
4557,μάματα,39
4558,μείζων,39
4559,ἀληθῶς,39
4560,χορήγησις,39
4561,κάδος,39
4562,μελανόπους,39
4563,εὐρυκλῆς,39
4564,εὔκαιρος,39
4565,Λυδία,39
4566,Κήρ,39
4567,εὔοδος,39
4568,Κύνεος,39
4569,βασσαρεύς,39
4570,Μανασσῆς,39
4571,τιμωρέω,39
4572,βραχύς,39
4573,σοφιστής,39
4574,ἱεροκηρυκέω,39
4575,πορφύρεος,39
4576,γενέτης,39
4577,Λίβυς,39
4578,κόριψ,39
4579,σαβίνα,39
4580,ὁμόλογος,39
4581,τύχων,39
4582,ἐγγίων,39
4583,διήλυσις,39
4584,συμφορά,39
4585,ἄνθησις,39
4586,ἰχθύς,39
4587,κρυπτός,39
4588,ἄβουλος,39
4589,μυρίος,39
4590,τετράδραχμος,39
4591,ῥάβδος,39
4592,φιλόδοξος,39
4593,εὔτοκος,39
4594,μένος,39
4595,φιλοτεχνέω,39
4596,προκωνίαι,39
4597,προπράτης,39
4598,τρίχωρος,39
4599,ἀλειπτήριον,39
4600,Μάκαι,39
4601,νοσσιά,39
4602,θυμαίνω,39
4603,ὀφελής,39
4604,ἀξίωμα,39
4605,κεῖσε,39
4606,νουθετέω,39
4607,παρδακός,39
4608,ἐπάρκεια,39
4609,ἄπειρος,38
4610,βρέφος,38
4611,πόντος,38
4612,πόσος,38
4613,ἐπισχύω,38
4614,ὄλβος,38
4615,Σύαγρος,38
4616,φιλόμβροτος,38
4617,ὑπόδημα,38
4618,κλοπή,38
4619,σκεῦος,38
4620,λατρεύω,38
4621,Φάληρον,38
4622,ἐπιστήμων,38
4623,σίδειος,38
4624,καλλίφωνος,38
4625,φρικίασις,38
4626,εὔμναστος,38
4627,Τροιζήνιος,38
4628,λημώδης,38
4629,τιμωρός,38
4630,δοξάζω,38
4631,Κορυδαλλός,38
4632,δορκάς,38
4633,ἑνδεκέτης,38
4634,χορόνικος,38
4635,αἰνέω,38
4636,δεκανός,38
4637,κοσμητός,38
4638,μέγεθος,38
4639,ἀκριβής,38
4640,ἀκτωρέω,38
4641,πυριμανέω,38
4642,παραγράφω,38
4643,ναυσιπέρατος,38
4644,περίστασις,38
4645,ἀπειρόμενος,38
4646,δικαιοκρίτης,38
4647,μάγος,38
4648,ἁλίζω,38
4649,ἀφθόνητος,38
4650,πρόοιδα,38
4651,ὤλενος,38
4652,ἡγέμαχος,38
4653,Καυκάσιος,38
4654,Λυσανίης,38
4655,κουρίδιος,38
4656,περικλυτός,38
4657,κοσμιότης,38
4658,Καμαριναῖος,38
4659,πίναξ,38
4660,ἀσέλγεια,38
4661,μετάστασις,38
4662,σπουδάζω,38
4663,δίφας,38
4664,πομπεύω,38
4665,βασσαρέω,38
4666,θερμαίνω,38
4667,Εὐρυδάμη,38
4668,δύσξενος,38
4669,ἱστορία,38
4670,περίειμι,38
4671,περιδέω,38
4672,πανδοχεῖον,38
4673,ὀρεινός,38
4674,ἐπιτριμμός,38
4675,διορίζω,38
4676,ληός,38
4677,ἐκπράσσω,38
4678,προθύω,38
4679,χελῦτις,38
4680,Πελιναίος,38
4681,προσλαμβάνω,38
4682,πτολεμαϊκός,38
4683,στανύω,38
4684,χῶσις,38
4685,ἀλεξάνδρειος,38
4686,φιλίππειος,38
4687,Παρικάνιοι,38
4688,ὀφθάλμια,38
4689,σκουτάριος,38
4690,ὑγιαίνω,38
4691,Μεμνόνιος,38
4692,Βόγης,38
4693,γυγαί,38
4694,νέκυς,38
4695,ἀρχιεπίσκοπος,38
4696,ὑπατεύω,38
4697,πέλεθρον,38
4698,συνγράφω,38
4699,σαίνουρος,38
4700,ἀξία,38
4701,ληναγέτας,38
4702,προσφορά,38
4703,ἀπαιτέω,38
4704,αἰωνόβιος,38
4705,τιός,37
4706,ὀβελός,37
4707,ἀπομισθόω,37
4708,λογίζομαι,37
4709,ἀνομία,37
4710,σέβασμα,37
4711,πρωτόχορος,37
4712,φορμίσκος,37
4713,Ἀλωπεκαί,37
4714,σχοινίον,37
4715,Ῥηναία,37
4716,ἦμαρ,37
4717,κλίνω,37
4718,μαριεύς,37
4719,ἀγα,37
4720,Ἱππόλοχος,37
4721,φιλοκαλέω,37
4722,Μεγιστίας,37
4723,μύλος,37
4724,εὔμηλος,37
4725,κομπόω,37
4726,Καινείδης,37
4727,εὐφημία,37
4728,διαφορέω,37
4729,οἰκονομία,37
4730,ὠνητής,37
4731,πνοή,37
4732,προάστιον,37
4733,τεχνικός,37
4734,ἀκοή,37
4735,πίσυνος,37
4736,κονίς,37
4737,οὔριος,37
4738,ξέλεγνον,37
4739,ταπεινός,37
4740,διάταξις,37
4741,λαοίτας,37
4742,δᾳδουχέω,37
4743,ἡλίεια,37
4744,φιλόκλεια,37
4745,Ἰτουραῖος,37
4746,πεζικός,37
4747,ὑπάγω,37
4748,εὐετηρία,37
4749,Στράτης,37
4750,φήμη,37
4751,σαλακύρων,37
4752,κρᾶτα,37
4753,Συράκουσαι,37
4754,θαυμαστός,37
4755,τεσσαρακοστός,37
4756,ἐνύπνιον,37
4757,παροικέω,37
4758,περιστερά,37
4759,ἀνέχω,37
4760,δακτυλῖτις,37
4761,συναντάω,37
4762,Φαλέκ,37
4763,παλλακῖνος,37
4764,ἔνδρομος,37
4765,διαβατός,37
4766,ἀναμένω,37
4767,Πιερία,37
4768,Πλατέα,37
4769,γάδος,37
4770,ψᾶφος,37
4771,Οἴα,37
4772,Ἀσωνίδης,37
4773,παρθενώδης,37
4774,ἐντομή,37
4775,ἄρκιος,37
4776,δείδια,37
4777,ἁμαρτία,37
4778,γιγαντώδης,37
4779,αἰδοῖος,37
4780,ἡγησίπολις,37
4781,βελτιότης,37
4782,εὐδοκιμέω,37
4783,θάσσω,37
4784,ἀγωνιστής,37
4785,εἴλω,37
4786,ὁλόκληρος,37
4787,προπολεύω,37
4788,ἑκατόνταρχος,37
4789,γονύκροτος,37
4790,Γαμαλιήλ,36
4791,ὀκτακόσιοι,36
4792,ἀγγεῖον,36
4793,ὁμονοέω,36
4794,σκαρία,36
4795,κλῆμα,36
4796,μοχλός,36
4797,βουφονιών,36
4798,στλεγγίς,36
4799,ἐπίχυμα,36
4800,μετοχή,36
4801,δῶμα,36
4802,μύριοι,36
4803,Ἀλφεός,36
4804,κυβερνήτης,36
4805,παράσημος,36
4806,Πρίσκιλλα,36
4807,ἀμέριμνος,36
4808,παυράς,36
4809,Μυρρινοῦς,36
4810,τέθριππος,36
4811,Ἀλυάττης,36
4812,ἀθετέω,36
4813,ἄω,36
4814,πατάσσω,36
4815,πρεσβεία,36
4816,καταφέρω,36
4817,παναθηναϊκός,36
4818,ὑπερπετάννυμι,36
4819,κεχρημένος,36
4820,δεδμάων,36
4821,πυρφόρος,36
4822,σέβω,36
4823,ἀΐδιος,36
4824,κάλλιμος,36
4825,συμπληρόω,36
4826,ἔντιλτος,36
4827,Περσεῖδαι,36
4828,Μυριναῖος,36
4829,ὄμπνιος,36
4830,δικέρως,36
4831,μητροφόντης,36
4832,παιδοτριβέω,36
4833,Γοβρύας,36
4834,φιλόμουσος,36
4835,φλεύς,36
4836,χοήρης,36
4837,κοιλία,36
4838,δειλιάω,36
4839,τέκτων,36
4840,παρθενικός,36
4841,Μαλέη,36
4842,βύω,36
4843,πομάτιον,36
4844,Μύρκινος,36
4845,νοῦσος,36
4846,ῥαψῳδός,36
4847,δομέοντι,36
4848,χόδανος,36
4849,κόσμιον,36
4850,σκέπας,36
4851,καιρία,36
4852,διακαίνω,36
4853,γέλοιος,36
4854,πρόθυρον,36
4855,Βαρναβᾶς,36
4856,κριτήριον,36
4857,φιλόθεος,36
4858,τρισσός,36
4859,ὅρκιον,36
4860,Ταίναρος,36
4861,ὑπαρόω,36
4862,ἐπιλαμβάνομαι,36
4863,ἀνδρύνω,36
4864,διακάτιοι,36
4865,παντοκράτωρ,36
4866,λωτρόν,36
4867,καταδουλόω,36
4868,δαμέτας,36
4869,κυλίκιον,36
4870,πρόθεσις,36
4871,ἀπονίζω,36
4872,ἐντίθημι,36
4873,λογχίον,36
4874,ἐπικοσμέω,36
4875,ἀγελαῖος,36
4876,προϋπάρχω,36
4877,Βυζάντιον,36
4878,λειτουργία,36
4879,θιασίτης,36
4880,ἀρτέμων,36
4881,κἀγώ,36
4882,παιδονόμος,36
4883,θεοσεβής,36
4884,Ἀδμείν,36
4885,δουκηνάριος,36
4886,ὀρήχου,36
4887,ἀπλαῖ,36
4888,μεγιστώ,36
4889,Ναιμάν,36
4890,πελαγαῖος,36
4891,ἔκδικος,36
4892,Τριπτόλεμος,35
4893,πλεῖος,35
4894,οἷα,35
4895,ἐλεφαντόω,35
4896,ὑετός,35
4897,ἀναξία,35
4898,πράσον,35
4899,πτέρνα,35
4900,ἔριφος,35
4901,οἰκίον,35
4902,οἴω,35
4903,Περσίς,35
4904,πέρνημι,35
4905,ἄκατος,35
4906,ἄβδης,35
4907,οἰκοδόμησις,35
4908,Εὔφορβος,35
4909,Πολίχνη,35
4910,μίκυθος,35
4911,ἱκέσιος,35
4912,ἰσχίον,35
4913,ἐπικρατίδες,35
4914,δικανούς,35
4915,ἀποδύω,35
4916,Λύκειος,35
4917,διποδία,35
4918,ἔκκλητος,35
4919,Ἐλευσίνιον,35
4920,κάλλιπον,35
4921,μαλέω,35
4922,περιοράω,35
4923,ἀποδοχή,35
4924,στέμμα,35
4925,ἐπίτηκτος,35
4926,ἁλύσιον,35
4927,Μεγάπανος,35
4928,ψυκτήρ,35
4929,καταπλανάω,35
4930,περιπίπτω,35
4931,ψειαί,35
4932,πανέρημος,35
4933,Βαβυλών,35
4934,ἰσόδοξος,35
4935,κουφεία,35
4936,Μέλας,35
4937,ὀρεύς,35
4938,ἀριστόβουλος,35
4939,ἐπιεικής,35
4940,ἐπίμαχος,35
4941,σιμός,35
4942,Κινέης,35
4943,πάσκος,35
4944,ἥμερος,35
4945,θρέμμα,35
4946,χειμοθνής,35
4947,λωτός,35
4948,νόσος,35
4949,πινυτής,35
4950,ἐπίκειμαι,35
4951,μαστρικός,35
4952,χρύσινος,35
4953,συνοίσειν,35
4954,Κῦρος,35
4955,φιλοφρόνως,35
4956,θεαροδόκος,35
4957,βουκόλιον,35
4958,ἐπιλάμπω,35
4959,ἐλαφρός,35
4960,κατάχρεος,35
4961,θεήλατος,35
4962,κρυφός,35
4963,ἀναγωγή,35
4964,πρατήριον,35
4965,κυλλός,35
4966,ὀκτακισχίλιοι,35
4967,ἐννῆ,35
4968,πανείδεος,35
4969,αἰχμή,35
4970,λαοκρίτης,35
4971,προσπίπτω,35
4972,δορεύς,35
4973,φιλανδρία,35
4974,ἀνανεύω,35
4975,ὀψώνιον,35
4976,ἀνάκειμαι,35
4977,ὑπολαμβάνω,35
4978,λεξιφάνης,35
4979,φαρμακίων,35
4980,ἱερόθυτος,35
4981,τιμητής,35
4982,ἀνέπαφος,35
4983,πρόστιμον,35
4984,κάπρος,35
4985,κτῆσις,35
4986,ἀντιποιέω,35
4987,Ἄμπελος,35
4988,πεσσός,35
4989,ἀχρεῖος,35
4990,ἑξακισχίλιοι,35
4991,κάρυον,35
4992,πρηνής,35
4993,ἀποφορά,35
4994,Φθιώτης,35
4995,μέσφι,35
4996,κουρίς,35
4997,κληρόω,35
4998,συνοχεύς,35
4999,Καρία,35
